# Blender 4.2.0
# www.blender.org
mtllib Magnetic Seperator.mtl
o Base
v 2.187500 -0.500000 2.187500
v 0.812500 -0.500000 3.000000
v 0.000000 -0.500000 0.000000
v 2.187500 0.000000 2.187500
v 0.812500 0.000000 3.000000
v 0.000000 0.000000 0.000000
v 3.000000 -0.500000 0.812500
v 3.000000 0.000000 0.812500
v 3.000000 -0.500000 -0.812500
v 3.000000 -0.000000 -0.812500
v 2.187500 -0.500000 -2.187500
v 2.187500 -0.000000 -2.187500
v 0.812500 -0.500000 -3.000000
v 0.812500 -0.000000 -3.000000
v -0.812500 -0.500000 -3.000000
v -0.812500 -0.000000 -3.000000
v -2.187500 -0.500000 -2.187500
v -2.187500 -0.000000 -2.187500
v -3.000000 -0.500000 -0.812500
v -3.000000 -0.000000 -0.812500
v -3.000000 -0.500000 0.812500
v -3.000000 0.000000 0.812500
v -2.187500 -0.500000 2.187500
v -2.187500 0.000000 2.187500
v -0.812500 -0.500000 3.000000
v -0.812500 0.000000 3.000000
vn -0.0000 -1.0000 -0.0000
vn 0.5087 -0.0000 0.8609
vn -0.0000 1.0000 -0.0000
vn 0.8609 -0.0000 0.5087
vn 1.0000 -0.0000 -0.0000
vn 0.8609 -0.0000 -0.5087
vn 0.5087 -0.0000 -0.8609
vn -0.0000 -0.0000 -1.0000
vn -0.5087 -0.0000 -0.8609
vn -0.8609 -0.0000 -0.5087
vn -1.0000 -0.0000 -0.0000
vn -0.8609 -0.0000 0.5087
vn -0.5087 -0.0000 0.8609
vn -0.0000 -0.0000 1.0000
vt 0.519531 1.000000
vt 0.468750 1.000000
vt 0.494141 0.812500
vt 0.468750 0.742188
vt 0.519531 0.742188
vt 0.519531 0.773438
vt 0.468750 0.773438
vt 0.570312 0.742188
vt 0.570312 0.773438
s 0
usemtl m_d95e2622-4fc8-fcfa-04be-51915d9de371
f 1/1/1 2/2/1 3/3/1
f 2/4/2 1/5/2 4/6/2
f 2/4/2 4/6/2 5/7/2
f 5/1/3 4/2/3 6/3/3
f 7/1/1 1/2/1 3/3/1
f 1/4/4 7/5/4 8/6/4
f 1/4/4 8/6/4 4/7/4
f 4/1/3 8/2/3 6/3/3
f 9/1/1 7/2/1 3/3/1
f 7/5/5 9/8/5 10/9/5
f 7/5/5 10/9/5 8/6/5
f 8/1/3 10/2/3 6/3/3
f 11/1/1 9/2/1 3/3/1
f 9/4/6 11/5/6 12/6/6
f 9/4/6 12/6/6 10/7/6
f 10/1/3 12/2/3 6/3/3
f 13/1/1 11/2/1 3/3/1
f 11/4/7 13/5/7 14/6/7
f 11/4/7 14/6/7 12/7/7
f 12/1/3 14/2/3 6/3/3
f 15/1/1 13/2/1 3/3/1
f 13/4/8 15/5/8 16/6/8
f 13/4/8 16/6/8 14/7/8
f 14/1/3 16/2/3 6/3/3
f 17/1/1 15/2/1 3/3/1
f 15/4/9 17/5/9 18/6/9
f 15/4/9 18/6/9 16/7/9
f 16/1/3 18/2/3 6/3/3
f 19/1/1 17/2/1 3/3/1
f 17/4/10 19/5/10 20/6/10
f 17/4/10 20/6/10 18/7/10
f 18/1/3 20/2/3 6/3/3
f 21/1/1 19/2/1 3/3/1
f 19/5/11 21/8/11 22/9/11
f 19/5/11 22/9/11 20/6/11
f 20/1/3 22/2/3 6/3/3
f 23/1/1 21/2/1 3/3/1
f 21/4/12 23/5/12 24/6/12
f 21/4/12 24/6/12 22/7/12
f 22/1/3 24/2/3 6/3/3
f 25/1/1 23/2/1 3/3/1
f 23/4/13 25/5/13 26/6/13
f 23/4/13 26/6/13 24/7/13
f 24/1/3 26/2/3 6/3/3
f 2/1/1 25/2/1 3/3/1
f 25/4/14 2/5/14 5/6/14
f 25/4/14 5/6/14 26/7/14
f 26/1/3 5/2/3 6/3/3
o Hull
v 0.085186 2.414814 0.647047
v 0.249751 2.414814 0.602952
v 0.000000 2.500000 -0.000000
v 0.164566 2.165064 1.250000
v 0.482482 2.165064 1.164814
v 0.232731 1.767767 1.767767
v 0.682333 1.767767 1.647296
v 0.285036 1.250000 2.165064
v 0.835683 1.250000 2.017518
v 0.317916 0.647048 2.414814
v 0.932084 0.647048 2.250249
v 0.329131 0.000000 2.500000
v 0.964964 0.000000 2.329629
v 0.397296 2.414814 0.517767
v 0.767518 2.165064 1.000249
v 1.085434 1.767767 1.414566
v 1.329380 1.250000 1.732482
v 1.482731 0.647048 1.932333
v 1.535036 0.000000 2.000498
v 0.517767 2.414814 0.397296
v 1.000249 2.165064 0.767518
v 1.414566 1.767767 1.085434
v 1.732482 1.250000 1.329380
v 1.932333 0.647048 1.482731
v 2.000498 0.000000 1.535036
v 0.602952 2.414814 0.249751
v 1.164814 2.165064 0.482482
v 1.647296 1.767767 0.682332
v 2.017518 1.250000 0.835683
v 2.250249 0.647048 0.932084
v 2.329629 0.000000 0.964964
v 0.647048 2.414814 0.085185
v 1.250000 2.165064 0.164565
v 1.767767 1.767767 0.232730
v 2.165064 1.250000 0.285036
v 2.414814 0.647048 0.317916
v 2.500000 0.000000 0.329131
v 0.647048 2.414814 -0.085186
v 1.250000 2.165064 -0.164566
v 1.767767 1.767767 -0.232731
v 2.165064 1.250000 -0.285036
v 2.414814 0.647048 -0.317916
v 2.500000 -0.000000 -0.329131
v 0.602952 2.414814 -0.249751
v 1.164814 2.165064 -0.482482
v 1.647296 1.767767 -0.682333
v 2.017518 1.250000 -0.835683
v 2.250249 0.647047 -0.932084
v 2.329629 -0.000000 -0.964964
v 0.517767 2.414814 -0.397296
v 1.000249 2.165064 -0.767518
v 1.414566 1.767767 -1.085434
v 1.732482 1.250000 -1.329380
v 1.932333 0.647047 -1.482731
v 2.000498 -0.000000 -1.535036
v 0.397296 2.414814 -0.517767
v 0.767518 2.165064 -1.000249
v 1.085434 1.767767 -1.414566
v 1.329380 1.250000 -1.732482
v 1.482731 0.647047 -1.932333
v 1.535036 -0.000000 -2.000498
v 0.249751 2.414814 -0.602953
v 0.482482 2.165064 -1.164814
v 0.682333 1.767767 -1.647296
v 0.835683 1.250000 -2.017518
v 0.932084 0.647047 -2.250249
v 0.964964 -0.000000 -2.329629
v 0.085186 2.414814 -0.647048
v 0.164566 2.165064 -1.250000
v 0.232731 1.767767 -1.767767
v 0.285036 1.250000 -2.165064
v 0.317916 0.647047 -2.414814
v 0.329131 -0.000000 -2.500000
v -0.085186 2.414814 -0.647048
v -0.164566 2.165064 -1.250000
v -0.232731 1.767767 -1.767767
v -0.285036 1.250000 -2.165064
v -0.317916 0.647047 -2.414814
v -0.329131 -0.000000 -2.500000
v -0.249751 2.414814 -0.602953
v -0.482482 2.165064 -1.164814
v -0.682333 1.767767 -1.647296
v -0.835683 1.250000 -2.017518
v -0.932084 0.647047 -2.250249
v -0.964964 -0.000000 -2.329629
v -0.397296 2.414814 -0.517767
v -0.767518 2.165064 -1.000249
v -1.085434 1.767767 -1.414566
v -1.329380 1.250000 -1.732482
v -1.482731 0.647047 -1.932333
v -1.535036 -0.000000 -2.000498
v -0.517767 2.414814 -0.397296
v -1.000249 2.165064 -0.767518
v -1.414566 1.767767 -1.085434
v -1.732482 1.250000 -1.329380
v -1.932333 0.647047 -1.482731
v -2.000498 -0.000000 -1.535036
v -0.602952 2.414814 -0.249751
v -1.164814 2.165064 -0.482482
v -1.647296 1.767767 -0.682333
v -2.017518 1.250000 -0.835683
v -2.250249 0.647047 -0.932084
v -2.329629 -0.000000 -0.964964
v -0.647048 2.414814 -0.085186
v -1.250000 2.165064 -0.164566
v -1.767767 1.767767 -0.232731
v -2.165064 1.250000 -0.285036
v -2.414814 0.647048 -0.317916
v -2.500000 -0.000000 -0.329131
v -0.647048 2.414814 0.085185
v -1.250000 2.165064 0.164565
v -1.767767 1.767767 0.232730
v -2.165064 1.250000 0.285036
v -2.414814 0.647048 0.317916
v -2.500000 0.000000 0.329131
v -0.602952 2.414814 0.249751
v -1.164814 2.165064 0.482482
v -1.647296 1.767767 0.682332
v -2.017518 1.250000 0.835683
v -2.250249 0.647048 0.932084
v -2.329629 0.000000 0.964964
v -0.517767 2.414814 0.397296
v -1.000249 2.165064 0.767518
v -1.414566 1.767767 1.085434
v -1.732482 1.250000 1.329380
v -1.932333 0.647048 1.482731
v -2.000498 0.000000 1.535036
v -0.397296 2.414814 0.517767
v -0.767518 2.165064 1.000249
v -1.085434 1.767767 1.414566
v -1.329380 1.250000 1.732482
v -1.482731 0.647048 1.932333
v -1.535036 0.000000 2.000498
v -0.249751 2.414814 0.602952
v -0.482482 2.165064 1.164814
v -0.682333 1.767767 1.647296
v -0.835683 1.250000 2.017518
v -0.932084 0.647048 2.250249
v -0.964964 0.000000 2.329629
v -0.085186 2.414814 0.647047
v -0.164566 2.165064 1.250000
v -0.232731 1.767767 1.767767
v -0.285036 1.250000 2.165064
v -0.317916 0.647048 2.414814
v -0.329131 0.000000 2.500000
v 0.237264 2.294074 0.572805
v 0.080926 2.294074 0.614695
v 0.000000 2.375000 -0.000000
v 0.458358 2.056811 1.106574
v 0.156337 2.056811 1.187500
v 0.648216 1.679379 1.564932
v 0.221094 1.679379 1.679379
v 0.793899 1.187500 1.916642
v 0.270784 1.187500 2.056811
v 0.885479 0.614695 2.137736
v 0.302021 0.614695 2.294074
v 0.916716 0.000000 2.213147
v 0.312674 0.000000 2.375000
v 0.377432 2.294074 0.491879
v 0.729142 2.056811 0.950236
v 1.031163 1.679379 1.343837
v 1.262911 1.187500 1.645858
v 1.408594 0.614695 1.835716
v 1.458284 0.000000 1.900473
v 0.491879 2.294074 0.377432
v 0.950236 2.056811 0.729142
v 1.343837 1.679379 1.031162
v 1.645858 1.187500 1.262911
v 1.835716 0.614695 1.408594
v 1.900473 0.000000 1.458284
v 0.572805 2.294074 0.237264
v 1.106574 2.056811 0.458358
v 1.564932 1.679379 0.648216
v 1.916642 1.187500 0.793899
v 2.137736 0.614695 0.885479
v 2.213147 0.000000 0.916716
v 0.614695 2.294074 0.080926
v 1.187500 2.056811 0.156337
v 1.679379 1.679379 0.221094
v 2.056811 1.187500 0.270784
v 2.294074 0.614695 0.302021
v 2.375000 0.000000 0.312674
v 0.614695 2.294074 -0.080926
v 1.187500 2.056811 -0.156338
v 1.679379 1.679379 -0.221095
v 2.056811 1.187500 -0.270784
v 2.294074 0.614695 -0.302021
v 2.375000 -0.000000 -0.312674
v 0.572805 2.294074 -0.237264
v 1.106574 2.056811 -0.458358
v 1.564932 1.679379 -0.648216
v 1.916642 1.187500 -0.793899
v 2.137736 0.614695 -0.885479
v 2.213147 -0.000000 -0.916716
v 0.491879 2.294074 -0.377432
v 0.950236 2.056811 -0.729142
v 1.343837 1.679379 -1.031163
v 1.645858 1.187500 -1.262911
v 1.835716 0.614695 -1.408594
v 1.900473 -0.000000 -1.458284
v 0.377432 2.294074 -0.491879
v 0.729142 2.056811 -0.950236
v 1.031163 1.679379 -1.343838
v 1.262911 1.187500 -1.645858
v 1.408594 0.614695 -1.835716
v 1.458284 -0.000000 -1.900473
v 0.237264 2.294074 -0.572805
v 0.458358 2.056811 -1.106574
v 0.648216 1.679379 -1.564932
v 0.793899 1.187500 -1.916642
v 0.885479 0.614695 -2.137736
v 0.916716 -0.000000 -2.213147
v 0.080926 2.294074 -0.614695
v 0.156337 2.056811 -1.187500
v 0.221094 1.679379 -1.679379
v 0.270784 1.187500 -2.056811
v 0.302021 0.614695 -2.294074
v 0.312674 -0.000000 -2.375000
v -0.080926 2.294074 -0.614695
v -0.156337 2.056811 -1.187500
v -0.221094 1.679379 -1.679379
v -0.270784 1.187500 -2.056811
v -0.302021 0.614695 -2.294074
v -0.312674 -0.000000 -2.375000
v -0.237264 2.294074 -0.572805
v -0.458358 2.056811 -1.106574
v -0.648216 1.679379 -1.564932
v -0.793899 1.187500 -1.916642
v -0.885479 0.614695 -2.137736
v -0.916716 -0.000000 -2.213147
v -0.377432 2.294074 -0.491879
v -0.729142 2.056811 -0.950236
v -1.031163 1.679379 -1.343838
v -1.262911 1.187500 -1.645858
v -1.408594 0.614695 -1.835716
v -1.458284 -0.000000 -1.900473
v -0.491879 2.294074 -0.377432
v -0.950236 2.056811 -0.729142
v -1.343837 1.679379 -1.031163
v -1.645858 1.187500 -1.262911
v -1.835716 0.614695 -1.408594
v -1.900473 -0.000000 -1.458284
v -0.572805 2.294074 -0.237264
v -1.106574 2.056811 -0.458358
v -1.564932 1.679379 -0.648216
v -1.916642 1.187500 -0.793899
v -2.137736 0.614695 -0.885479
v -2.213147 -0.000000 -0.916716
v -0.614695 2.294074 -0.080926
v -1.187500 2.056811 -0.156338
v -1.679379 1.679379 -0.221095
v -2.056811 1.187500 -0.270784
v -2.294074 0.614695 -0.302021
v -2.375000 -0.000000 -0.312674
v -0.614695 2.294074 0.080926
v -1.187500 2.056811 0.156337
v -1.679379 1.679379 0.221094
v -2.056811 1.187500 0.270784
v -2.294074 0.614695 0.302021
v -2.375000 0.000000 0.312674
v -0.572805 2.294074 0.237264
v -1.106574 2.056811 0.458358
v -1.564932 1.679379 0.648216
v -1.916642 1.187500 0.793899
v -2.137736 0.614695 0.885479
v -2.213147 0.000000 0.916716
v -0.491879 2.294074 0.377432
v -0.950236 2.056811 0.729142
v -1.343837 1.679379 1.031162
v -1.645858 1.187500 1.262911
v -1.835716 0.614695 1.408594
v -1.900473 0.000000 1.458284
v -0.377432 2.294074 0.491879
v -0.729142 2.056811 0.950236
v -1.031163 1.679379 1.343837
v -1.262911 1.187500 1.645858
v -1.408594 0.614695 1.835716
v -1.458284 0.000000 1.900473
v -0.237264 2.294074 0.572805
v -0.458358 2.056811 1.106574
v -0.648216 1.679379 1.564932
v -0.793899 1.187500 1.916642
v -0.885479 0.614695 2.137736
v -0.916716 0.000000 2.213147
v -0.080926 2.294074 0.614695
v -0.156337 2.056811 1.187500
v -0.221094 1.679379 1.679379
v -0.270784 1.187500 2.056811
v -0.302021 0.614695 2.294074
v -0.312674 0.000000 2.375000
vn 0.0468 0.9594 0.2781
vn 0.1172 0.9594 0.2566
vn -0.0000 1.0000 -0.0000
vn 0.0468 0.9594 0.2782
vn 0.0698 0.8679 0.4918
vn 0.1947 0.8679 0.4571
vn 0.0698 0.8678 0.4919
vn 0.0959 0.7101 0.6975
vn 0.2731 0.7102 0.6489
vn 0.2732 0.7102 0.6489
vn 0.1157 0.5033 0.8564
vn 0.3333 0.5033 0.7973
vn 0.2732 0.7101 0.6489
vn 0.1157 0.5032 0.8564
vn 0.1275 0.2609 0.9569
vn 0.3708 0.2609 0.8913
vn 0.3334 0.5032 0.7973
vn 0.0651 -0.6622 0.7465
vn 0.2561 -0.6622 0.7042
vn 0.1172 0.9594 0.2565
vn 0.1796 0.9594 0.2175
vn 0.1947 0.8679 0.4570
vn 0.3063 0.8679 0.3911
vn 0.1947 0.8678 0.4571
vn 0.4318 0.7102 0.5561
vn 0.3064 0.8679 0.3911
vn 0.3334 0.5033 0.7972
vn 0.5283 0.5033 0.6838
vn 0.4318 0.7101 0.5561
vn 0.5888 0.2609 0.7650
vn 0.5283 0.5032 0.6838
vn 0.4296 -0.6622 0.6139
vn 0.2297 0.9594 0.1636
vn 0.3971 0.8679 0.2985
vn 0.2298 0.9594 0.1636
vn 0.3064 0.8678 0.3911
vn 0.5610 0.7102 0.4254
vn 0.3972 0.8679 0.2985
vn 0.5284 0.5033 0.6838
vn 0.6873 0.5033 0.5238
vn 0.5610 0.7101 0.4254
vn 0.5284 0.5032 0.6838
vn 0.5889 0.2609 0.7650
vn 0.7668 0.2609 0.5865
vn 0.6873 0.5032 0.5238
vn 0.4297 -0.6622 0.6139
vn 0.5739 -0.6622 0.4818
vn 0.2643 0.9594 0.0986
vn 0.3971 0.8679 0.2984
vn 0.4609 0.8679 0.1855
vn 0.3972 0.8678 0.2985
vn 0.6520 0.7102 0.2657
vn 0.5611 0.7101 0.4254
vn 0.6873 0.5033 0.5237
vn 0.7994 0.5033 0.3281
vn 0.7994 0.5033 0.3280
vn 0.6520 0.7101 0.2657
vn 0.6874 0.5032 0.5238
vn 0.8924 0.2609 0.3681
vn 0.7995 0.5032 0.3280
vn 0.6790 -0.6622 0.3168
vn 0.6790 -0.6622 0.3169
vn 0.2643 0.9594 0.0985
vn 0.2808 0.9594 0.0268
vn 0.4608 0.8679 0.1855
vn 0.4932 0.8679 0.0599
vn 0.4609 0.8678 0.1855
vn 0.6520 0.7101 0.2656
vn 0.6985 0.7102 0.0879
vn 0.7995 0.5033 0.3280
vn 0.8571 0.5033 0.1100
vn 0.6986 0.7101 0.0879
vn 0.8925 0.2609 0.3680
vn 0.9573 0.2609 0.1246
vn 0.9573 0.2609 0.1245
vn 0.8571 0.5032 0.1100
vn 0.7379 -0.6622 0.1303
vn 0.2781 0.9594 -0.0468
vn 0.4931 0.8679 0.0599
vn 0.4919 0.8679 -0.0698
vn 0.2782 0.9594 -0.0468
vn 0.4932 0.8678 0.0599
vn 0.6986 0.7101 0.0878
vn 0.6975 0.7102 -0.0959
vn 0.8571 0.5033 0.1099
vn 0.8564 0.5033 -0.1156
vn 0.6975 0.7101 -0.0959
vn 0.8572 0.5032 0.1099
vn 0.9569 0.2609 -0.1275
vn 0.8571 0.5032 0.1099
vn 0.8564 0.5032 -0.1156
vn 0.7465 -0.6622 -0.0651
vn 0.9569 0.2609 -0.1274
vn 0.2566 0.9594 -0.1172
vn 0.4918 0.8679 -0.0698
vn 0.4571 0.8679 -0.1947
vn 0.4919 0.8678 -0.0698
vn 0.6489 0.7102 -0.2731
vn 0.8564 0.5033 -0.1157
vn 0.7973 0.5033 -0.3333
vn 0.6489 0.7101 -0.2732
vn 0.8564 0.5032 -0.1157
vn 0.8913 0.2609 -0.3708
vn 0.7973 0.5032 -0.3334
vn 0.8252 -0.4785 -0.3001
vn 0.2565 0.9594 -0.1172
vn 0.2175 0.9594 -0.1796
vn 0.4570 0.8679 -0.1947
vn 0.3911 0.8679 -0.3063
vn 0.4571 0.8678 -0.1947
vn 0.5561 0.7102 -0.4318
vn 0.3911 0.8679 -0.3064
vn 0.7972 0.5033 -0.3334
vn 0.6838 0.5033 -0.5283
vn 0.5561 0.7101 -0.4318
vn 0.7650 0.2609 -0.5888
vn 0.6838 0.5032 -0.5283
vn 0.6139 -0.6622 -0.4296
vn 0.1636 0.9594 -0.2297
vn 0.2985 0.8679 -0.3971
vn 0.1636 0.9594 -0.2298
vn 0.3911 0.8678 -0.3064
vn 0.4254 0.7102 -0.5610
vn 0.2985 0.8679 -0.3972
vn 0.6838 0.5033 -0.5284
vn 0.5238 0.5033 -0.6873
vn 0.4254 0.7101 -0.5610
vn 0.6838 0.5032 -0.5284
vn 0.7650 0.2609 -0.5889
vn 0.5865 0.2609 -0.7668
vn 0.5238 0.5032 -0.6873
vn 0.6139 -0.6622 -0.4297
vn 0.4818 -0.6622 -0.5739
vn 0.0986 0.9594 -0.2643
vn 0.1855 0.8679 -0.4609
vn 0.2985 0.8678 -0.3972
vn 0.2657 0.7102 -0.6520
vn 0.4254 0.7101 -0.5611
vn 0.5237 0.5033 -0.6873
vn 0.3281 0.5033 -0.7994
vn 0.2657 0.7101 -0.6520
vn 0.5238 0.5032 -0.6874
vn 0.3681 0.2609 -0.8924
vn 0.3281 0.5032 -0.7995
vn 0.3168 -0.6622 -0.6790
vn 0.3169 -0.6622 -0.6790
vn 0.0985 0.9594 -0.2643
vn 0.0268 0.9594 -0.2808
vn 0.1855 0.8679 -0.4608
vn 0.0599 0.8679 -0.4932
vn 0.1855 0.8678 -0.4609
vn 0.0879 0.7102 -0.6985
vn 0.3280 0.5033 -0.7995
vn 0.1100 0.5033 -0.8571
vn 0.0879 0.7101 -0.6986
vn 0.3280 0.5032 -0.7995
vn 0.3680 0.2609 -0.8925
vn 0.1245 0.2609 -0.9573
vn 0.1100 0.5032 -0.8571
vn 0.1101 -0.7740 -0.6235
vn 0.1246 0.2609 -0.9573
vn -0.0468 0.9594 -0.2781
vn 0.0599 0.8679 -0.4931
vn -0.0698 0.8679 -0.4919
vn -0.0468 0.9594 -0.2782
vn 0.0599 0.8678 -0.4932
vn 0.0878 0.7101 -0.6986
vn -0.0959 0.7102 -0.6975
vn 0.1099 0.5033 -0.8571
vn -0.1156 0.5033 -0.8564
vn -0.0959 0.7101 -0.6975
vn 0.1099 0.5032 -0.8572
vn -0.1275 0.2609 -0.9569
vn -0.1156 0.5032 -0.8564
vn -0.0651 -0.6622 -0.7465
vn -0.1274 0.2609 -0.9569
vn -0.1172 0.9594 -0.2566
vn -0.0698 0.8679 -0.4918
vn -0.1947 0.8679 -0.4571
vn -0.0698 0.8678 -0.4919
vn -0.2731 0.7102 -0.6489
vn -0.2732 0.7102 -0.6489
vn -0.1157 0.5033 -0.8564
vn -0.3333 0.5033 -0.7973
vn -0.2732 0.7101 -0.6489
vn -0.1157 0.5032 -0.8564
vn -0.3708 0.2609 -0.8913
vn -0.3334 0.5032 -0.7973
vn -0.2561 -0.6622 -0.7042
vn -0.1172 0.9594 -0.2565
vn -0.1796 0.9594 -0.2175
vn -0.1947 0.8679 -0.4570
vn -0.3063 0.8679 -0.3911
vn -0.1947 0.8678 -0.4571
vn -0.4318 0.7102 -0.5561
vn -0.3064 0.8679 -0.3911
vn -0.3334 0.5033 -0.7972
vn -0.5283 0.5033 -0.6838
vn -0.4318 0.7101 -0.5561
vn -0.5888 0.2609 -0.7650
vn -0.5283 0.5032 -0.6838
vn -0.4296 -0.6622 -0.6139
vn -0.2297 0.9594 -0.1636
vn -0.3971 0.8679 -0.2985
vn -0.2298 0.9594 -0.1636
vn -0.3064 0.8678 -0.3911
vn -0.5610 0.7102 -0.4254
vn -0.3972 0.8679 -0.2985
vn -0.5284 0.5033 -0.6838
vn -0.6873 0.5033 -0.5238
vn -0.5610 0.7101 -0.4254
vn -0.5284 0.5032 -0.6838
vn -0.5889 0.2609 -0.7650
vn -0.7668 0.2609 -0.5865
vn -0.6873 0.5032 -0.5238
vn -0.4297 -0.6622 -0.6139
vn -0.5739 -0.6622 -0.4818
vn -0.2643 0.9594 -0.0986
vn -0.4609 0.8679 -0.1855
vn -0.3972 0.8678 -0.2985
vn -0.6520 0.7102 -0.2657
vn -0.5611 0.7101 -0.4254
vn -0.6873 0.5033 -0.5237
vn -0.7994 0.5033 -0.3281
vn -0.7994 0.5033 -0.3280
vn -0.6520 0.7101 -0.2657
vn -0.6874 0.5032 -0.5238
vn -0.8924 0.2609 -0.3681
vn -0.7995 0.5032 -0.3280
vn -0.6790 -0.6622 -0.3168
vn -0.6790 -0.6622 -0.3169
vn -0.2643 0.9594 -0.0985
vn -0.2808 0.9594 -0.0268
vn -0.4608 0.8679 -0.1855
vn -0.4932 0.8679 -0.0599
vn -0.4609 0.8678 -0.1855
vn -0.6985 0.7102 -0.0879
vn -0.7995 0.5033 -0.3280
vn -0.8571 0.5033 -0.1100
vn -0.6986 0.7101 -0.0879
vn -0.8925 0.2609 -0.3680
vn -0.9573 0.2609 -0.1246
vn -0.9573 0.2609 -0.1245
vn -0.8571 0.5032 -0.1100
vn -0.7379 -0.6622 -0.1303
vn -0.2781 0.9594 0.0468
vn -0.4931 0.8679 -0.0599
vn -0.4919 0.8679 0.0698
vn -0.2782 0.9594 0.0468
vn -0.4932 0.8678 -0.0599
vn -0.6986 0.7101 -0.0878
vn -0.6975 0.7102 0.0959
vn -0.8571 0.5033 -0.1099
vn -0.8564 0.5033 0.1156
vn -0.6975 0.7101 0.0959
vn -0.8572 0.5032 -0.1099
vn -0.9569 0.2609 0.1275
vn -0.8571 0.5032 -0.1099
vn -0.8564 0.5032 0.1156
vn -0.7465 -0.6622 0.0651
vn -0.9569 0.2609 0.1274
vn -0.2566 0.9594 0.1172
vn -0.4918 0.8679 0.0698
vn -0.4571 0.8679 0.1947
vn -0.4919 0.8678 0.0698
vn -0.6489 0.7102 0.2731
vn -0.8564 0.5033 0.1157
vn -0.7973 0.5033 0.3333
vn -0.6489 0.7101 0.2732
vn -0.8564 0.5032 0.1157
vn -0.8913 0.2609 0.3708
vn -0.7973 0.5032 0.3334
vn -0.7042 -0.6622 0.2561
vn -0.2565 0.9594 0.1172
vn -0.2175 0.9594 0.1796
vn -0.4570 0.8679 0.1947
vn -0.3911 0.8679 0.3063
vn -0.4571 0.8678 0.1947
vn -0.5561 0.7102 0.4318
vn -0.3911 0.8679 0.3064
vn -0.7972 0.5033 0.3334
vn -0.6838 0.5033 0.5283
vn -0.5561 0.7101 0.4318
vn -0.7650 0.2609 0.5888
vn -0.6838 0.5032 0.5283
vn -0.6139 -0.6622 0.4296
vn -0.1636 0.9594 0.2297
vn -0.2985 0.8679 0.3971
vn -0.1636 0.9594 0.2298
vn -0.3911 0.8678 0.3064
vn -0.4254 0.7102 0.5610
vn -0.2985 0.8679 0.3972
vn -0.6838 0.5033 0.5284
vn -0.5238 0.5033 0.6873
vn -0.4254 0.7101 0.5610
vn -0.6838 0.5032 0.5284
vn -0.7650 0.2609 0.5889
vn -0.5865 0.2609 0.7668
vn -0.5238 0.5032 0.6873
vn -0.6139 -0.6622 0.4297
vn -0.4818 -0.6622 0.5739
vn -0.0986 0.9594 0.2643
vn -0.1855 0.8679 0.4609
vn -0.2985 0.8678 0.3972
vn -0.2657 0.7102 0.6520
vn -0.4254 0.7101 0.5611
vn -0.5237 0.5033 0.6873
vn -0.3281 0.5033 0.7994
vn -0.2657 0.7101 0.6520
vn -0.5238 0.5032 0.6874
vn -0.3681 0.2609 0.8924
vn -0.3281 0.5032 0.7995
vn -0.3168 -0.6622 0.6790
vn -0.3169 -0.6622 0.6790
vn -0.0985 0.9594 0.2643
vn -0.0268 0.9594 0.2808
vn -0.1855 0.8679 0.4608
vn -0.0599 0.8679 0.4932
vn -0.1855 0.8678 0.4609
vn -0.0879 0.7102 0.6985
vn -0.3280 0.5033 0.7995
vn -0.1100 0.5033 0.8571
vn -0.0879 0.7101 0.6986
vn -0.3280 0.5032 0.7995
vn -0.3680 0.2609 0.8925
vn -0.1245 0.2609 0.9573
vn -0.1100 0.5032 0.8571
vn -0.1303 -0.6622 0.7379
vn -0.1246 0.2609 0.9573
vn -0.0599 0.8679 0.4931
vn 0.0698 0.8679 0.4919
vn -0.0599 0.8678 0.4932
vn -0.0878 0.7101 0.6986
vn 0.0959 0.7102 0.6975
vn -0.1099 0.5033 0.8571
vn 0.1156 0.5033 0.8564
vn -0.1099 0.5032 0.8572
vn 0.1156 0.5032 0.8564
vn 0.1274 0.2609 0.9569
vn -0.1172 -0.9594 -0.2566
vn -0.0468 -0.9594 -0.2781
vn -0.0000 -1.0000 -0.0000
vn -0.1947 -0.8679 -0.4570
vn -0.0698 -0.8679 -0.4918
vn -0.0468 -0.9594 -0.2782
vn -0.1947 -0.8679 -0.4571
vn -0.2731 -0.7102 -0.6489
vn -0.0959 -0.7102 -0.6975
vn -0.0698 -0.8678 -0.4919
vn -0.3333 -0.5033 -0.7973
vn -0.1157 -0.5033 -0.8564
vn -0.0959 -0.7101 -0.6975
vn -0.3333 -0.5032 -0.7973
vn -0.2732 -0.7101 -0.6489
vn -0.3708 -0.2609 -0.8913
vn -0.1275 -0.2609 -0.9569
vn -0.1157 -0.5032 -0.8564
vn -0.3334 -0.5032 -0.7973
vn -0.2244 -0.7543 -0.6169
vn -0.0571 -0.7544 -0.6540
vn -0.1796 -0.9594 -0.2175
vn -0.1172 -0.9594 -0.2565
vn -0.3064 -0.8679 -0.3911
vn -0.3063 -0.8679 -0.3911
vn -0.4318 -0.7102 -0.5561
vn -0.2732 -0.7102 -0.6489
vn -0.1947 -0.8678 -0.4571
vn -0.5283 -0.5033 -0.6838
vn -0.3334 -0.5033 -0.7972
vn -0.5283 -0.5032 -0.6838
vn -0.4318 -0.7101 -0.5561
vn -0.5888 -0.2609 -0.7650
vn -0.3764 -0.7543 -0.5379
vn -0.2244 -0.7544 -0.6169
vn -0.3709 -0.2609 -0.8913
vn -0.2298 -0.9594 -0.1636
vn -0.3971 -0.8679 -0.2985
vn -0.5610 -0.7102 -0.4254
vn -0.3064 -0.8678 -0.3911
vn -0.6873 -0.5033 -0.5238
vn -0.5284 -0.5033 -0.6838
vn -0.6873 -0.5032 -0.5238
vn -0.5611 -0.7101 -0.4254
vn -0.7668 -0.2609 -0.5865
vn -0.5889 -0.2609 -0.7650
vn -0.5284 -0.5032 -0.6838
vn -0.5028 -0.7543 -0.4221
vn -0.3764 -0.7544 -0.5378
vn -0.5889 -0.2609 -0.7649
vn -0.2643 -0.9594 -0.0986
vn -0.2297 -0.9594 -0.1636
vn -0.4609 -0.8679 -0.1855
vn -0.3971 -0.8679 -0.2984
vn -0.6520 -0.7102 -0.2657
vn -0.3972 -0.8678 -0.2985
vn -0.7994 -0.5033 -0.3281
vn -0.6873 -0.5033 -0.5237
vn -0.7994 -0.5032 -0.3281
vn -0.6520 -0.7101 -0.2657
vn -0.8924 -0.2609 -0.3681
vn -0.6874 -0.5032 -0.5238
vn -0.7995 -0.5032 -0.3280
vn -0.5949 -0.7543 -0.2776
vn -0.5028 -0.7544 -0.4220
vn -0.8925 -0.2609 -0.3681
vn -0.2808 -0.9594 -0.0268
vn -0.2643 -0.9594 -0.0985
vn -0.4932 -0.8679 -0.0599
vn -0.4608 -0.8679 -0.1855
vn -0.6985 -0.7102 -0.0879
vn -0.4609 -0.8678 -0.1855
vn -0.8571 -0.5033 -0.1100
vn -0.7995 -0.5033 -0.3280
vn -0.8571 -0.5032 -0.1100
vn -0.6986 -0.7101 -0.0879
vn -0.9573 -0.2609 -0.1246
vn -0.8925 -0.2609 -0.3680
vn -0.8571 -0.5032 -0.1099
vn -0.6465 -0.7543 -0.1142
vn -0.5949 -0.7544 -0.2775
vn -0.2781 -0.9594 0.0468
vn -0.4919 -0.8679 0.0698
vn -0.4931 -0.8679 -0.0599
vn -0.2782 -0.9594 0.0468
vn -0.6975 -0.7102 0.0959
vn -0.4932 -0.8678 -0.0599
vn -0.8564 -0.5033 0.1156
vn -0.8571 -0.5033 -0.1099
vn -0.8564 -0.5032 0.1156
vn -0.6986 -0.7101 -0.0878
vn -0.6975 -0.7101 0.0959
vn -0.9569 -0.2609 0.1275
vn -0.9573 -0.2609 -0.1245
vn -0.8572 -0.5032 -0.1099
vn -0.6540 -0.7543 0.0571
vn -0.6465 -0.7544 -0.1141
vn -0.2566 -0.9594 0.1172
vn -0.4570 -0.8679 0.1947
vn -0.4918 -0.8679 0.0698
vn -0.4571 -0.8679 0.1947
vn -0.6489 -0.7102 0.2731
vn -0.4919 -0.8678 0.0698
vn -0.7973 -0.5033 0.3333
vn -0.8564 -0.5033 0.1157
vn -0.7973 -0.5032 0.3333
vn -0.6489 -0.7101 0.2732
vn -0.8913 -0.2609 0.3708
vn -0.8564 -0.5032 0.1157
vn -0.7973 -0.5032 0.3334
vn -0.5242 -0.8300 0.1906
vn -0.6540 -0.7544 0.0571
vn -0.2175 -0.9594 0.1796
vn -0.2565 -0.9594 0.1172
vn -0.3911 -0.8679 0.3064
vn -0.3911 -0.8679 0.3063
vn -0.5561 -0.7102 0.4318
vn -0.6489 -0.7102 0.2732
vn -0.4571 -0.8678 0.1947
vn -0.6838 -0.5032 0.5283
vn -0.7972 -0.5033 0.3334
vn -0.5561 -0.7101 0.4318
vn -0.7650 -0.2609 0.5888
vn -0.6838 -0.5032 0.5284
vn -0.5379 -0.7543 0.3764
vn -0.5242 -0.8300 0.1907
vn -0.8913 -0.2609 0.3709
vn -0.1636 -0.9594 0.2298
vn -0.2985 -0.8679 0.3971
vn -0.4254 -0.7102 0.5610
vn -0.3911 -0.8678 0.3064
vn -0.5238 -0.5033 0.6873
vn -0.6838 -0.5033 0.5284
vn -0.5238 -0.5032 0.6873
vn -0.4254 -0.7101 0.5611
vn -0.5865 -0.2609 0.7668
vn -0.7650 -0.2609 0.5889
vn -0.4221 -0.7543 0.5028
vn -0.5378 -0.7544 0.3764
vn -0.7649 -0.2609 0.5889
vn -0.0986 -0.9594 0.2643
vn -0.1636 -0.9594 0.2297
vn -0.1855 -0.8679 0.4609
vn -0.2984 -0.8679 0.3971
vn -0.2657 -0.7102 0.6520
vn -0.2985 -0.8678 0.3972
vn -0.3281 -0.5032 0.7994
vn -0.5237 -0.5033 0.6873
vn -0.2657 -0.7101 0.6520
vn -0.3681 -0.2609 0.8924
vn -0.5238 -0.5032 0.6874
vn -0.3280 -0.5032 0.7995
vn -0.2776 -0.7543 0.5949
vn -0.4220 -0.7544 0.5028
vn -0.3681 -0.2609 0.8925
vn -0.0268 -0.9594 0.2808
vn -0.0985 -0.9594 0.2643
vn -0.0599 -0.8679 0.4932
vn -0.1855 -0.8679 0.4608
vn -0.0879 -0.7102 0.6985
vn -0.1855 -0.8678 0.4609
vn -0.1100 -0.5032 0.8571
vn -0.3280 -0.5033 0.7995
vn -0.0879 -0.7101 0.6986
vn -0.1246 -0.2609 0.9573
vn -0.3680 -0.2609 0.8925
vn -0.1099 -0.5032 0.8571
vn -0.1351 -0.6295 0.7651
vn -0.2775 -0.7544 0.5949
vn -0.1350 -0.6295 0.7652
vn 0.0468 -0.9594 0.2781
vn 0.0698 -0.8679 0.4919
vn -0.0599 -0.8679 0.4931
vn 0.0468 -0.9594 0.2782
vn 0.0959 -0.7102 0.6975
vn -0.0599 -0.8678 0.4932
vn 0.1156 -0.5033 0.8564
vn -0.1099 -0.5033 0.8571
vn 0.1156 -0.5032 0.8564
vn -0.0878 -0.7101 0.6986
vn 0.0959 -0.7101 0.6975
vn 0.1275 -0.2609 0.9569
vn -0.1245 -0.2609 0.9573
vn -0.1099 -0.5032 0.8572
vn 0.0571 -0.7543 0.6540
vn -0.1350 -0.6295 0.7651
vn 0.1172 -0.9594 0.2566
vn 0.1947 -0.8679 0.4570
vn 0.0698 -0.8679 0.4918
vn 0.1947 -0.8679 0.4571
vn 0.2731 -0.7102 0.6489
vn 0.0698 -0.8678 0.4919
vn 0.3333 -0.5033 0.7973
vn 0.1157 -0.5033 0.8564
vn 0.3333 -0.5032 0.7973
vn 0.2732 -0.7101 0.6489
vn 0.3708 -0.2609 0.8913
vn 0.1157 -0.5032 0.8564
vn 0.3334 -0.5032 0.7973
vn 0.2244 -0.7543 0.6169
vn 0.0571 -0.7544 0.6540
vn 0.1796 -0.9594 0.2175
vn 0.1172 -0.9594 0.2565
vn 0.3064 -0.8679 0.3911
vn 0.3063 -0.8679 0.3911
vn 0.4318 -0.7102 0.5561
vn 0.2732 -0.7102 0.6489
vn 0.1947 -0.8678 0.4571
vn 0.5283 -0.5032 0.6838
vn 0.3334 -0.5033 0.7972
vn 0.4318 -0.7101 0.5561
vn 0.5888 -0.2609 0.7650
vn 0.3764 -0.7543 0.5379
vn 0.2244 -0.7544 0.6169
vn 0.3709 -0.2609 0.8913
vn 0.2298 -0.9594 0.1636
vn 0.3971 -0.8679 0.2985
vn 0.5610 -0.7102 0.4254
vn 0.3064 -0.8678 0.3911
vn 0.6873 -0.5033 0.5238
vn 0.5284 -0.5033 0.6838
vn 0.6873 -0.5032 0.5238
vn 0.5611 -0.7101 0.4254
vn 0.7668 -0.2609 0.5865
vn 0.5889 -0.2609 0.7650
vn 0.5284 -0.5032 0.6838
vn 0.5028 -0.7543 0.4221
vn 0.3764 -0.7544 0.5378
vn 0.5889 -0.2609 0.7649
vn 0.2643 -0.9594 0.0986
vn 0.2297 -0.9594 0.1636
vn 0.4609 -0.8679 0.1855
vn 0.3971 -0.8679 0.2984
vn 0.6520 -0.7102 0.2657
vn 0.3972 -0.8678 0.2985
vn 0.7994 -0.5033 0.3281
vn 0.6873 -0.5033 0.5237
vn 0.7994 -0.5032 0.3281
vn 0.6520 -0.7101 0.2657
vn 0.8924 -0.2609 0.3681
vn 0.6874 -0.5032 0.5238
vn 0.7995 -0.5032 0.3280
vn 0.5949 -0.7543 0.2776
vn 0.5028 -0.7544 0.4220
vn 0.8925 -0.2609 0.3681
vn 0.2808 -0.9594 0.0268
vn 0.2643 -0.9594 0.0985
vn 0.4932 -0.8679 0.0599
vn 0.4608 -0.8679 0.1855
vn 0.6985 -0.7102 0.0879
vn 0.4609 -0.8678 0.1855
vn 0.8571 -0.5033 0.1100
vn 0.7995 -0.5033 0.3280
vn 0.8571 -0.5032 0.1100
vn 0.6986 -0.7101 0.0879
vn 0.9573 -0.2609 0.1246
vn 0.8925 -0.2609 0.3680
vn 0.8571 -0.5032 0.1099
vn 0.6465 -0.7543 0.1142
vn 0.5949 -0.7544 0.2775
vn 0.2781 -0.9594 -0.0468
vn 0.4919 -0.8679 -0.0698
vn 0.4931 -0.8679 0.0599
vn 0.2782 -0.9594 -0.0468
vn 0.6975 -0.7102 -0.0959
vn 0.4932 -0.8678 0.0599
vn 0.8564 -0.5033 -0.1156
vn 0.8571 -0.5033 0.1099
vn 0.8564 -0.5032 -0.1156
vn 0.6986 -0.7101 0.0878
vn 0.6975 -0.7101 -0.0959
vn 0.9569 -0.2609 -0.1275
vn 0.9573 -0.2609 0.1245
vn 0.8572 -0.5032 0.1099
vn 0.6540 -0.7543 -0.0571
vn 0.6465 -0.7544 0.1141
vn 0.2566 -0.9594 -0.1172
vn 0.4570 -0.8679 -0.1947
vn 0.4918 -0.8679 -0.0698
vn 0.4571 -0.8679 -0.1947
vn 0.6489 -0.7102 -0.2731
vn 0.4919 -0.8678 -0.0698
vn 0.7973 -0.5033 -0.3333
vn 0.8564 -0.5033 -0.1157
vn 0.7973 -0.5032 -0.3333
vn 0.6489 -0.7101 -0.2732
vn 0.8913 -0.2609 -0.3708
vn 0.8564 -0.5032 -0.1157
vn 0.7973 -0.5032 -0.3334
vn 0.6169 -0.7543 -0.2244
vn 0.6540 -0.7544 -0.0571
vn 0.2175 -0.9594 -0.1796
vn 0.2565 -0.9594 -0.1172
vn 0.3911 -0.8679 -0.3064
vn 0.3911 -0.8679 -0.3063
vn 0.5561 -0.7102 -0.4318
vn 0.6489 -0.7102 -0.2732
vn 0.4571 -0.8678 -0.1947
vn 0.6838 -0.5032 -0.5283
vn 0.7972 -0.5033 -0.3334
vn 0.5561 -0.7101 -0.4318
vn 0.7650 -0.2609 -0.5888
vn 0.6838 -0.5032 -0.5284
vn 0.5379 -0.7543 -0.3764
vn 0.6169 -0.7544 -0.2244
vn 0.8913 -0.2609 -0.3709
vn 0.1636 -0.9594 -0.2298
vn 0.2985 -0.8679 -0.3971
vn 0.4254 -0.7102 -0.5610
vn 0.3911 -0.8678 -0.3064
vn 0.5238 -0.5033 -0.6873
vn 0.6838 -0.5033 -0.5284
vn 0.5238 -0.5032 -0.6873
vn 0.4254 -0.7101 -0.5611
vn 0.5865 -0.2609 -0.7668
vn 0.7650 -0.2609 -0.5889
vn 0.4221 -0.7543 -0.5028
vn 0.5378 -0.7544 -0.3764
vn 0.7649 -0.2609 -0.5889
vn 0.0986 -0.9594 -0.2643
vn 0.1636 -0.9594 -0.2297
vn 0.1855 -0.8679 -0.4609
vn 0.2984 -0.8679 -0.3971
vn 0.2657 -0.7102 -0.6520
vn 0.2985 -0.8678 -0.3972
vn 0.3281 -0.5033 -0.7994
vn 0.5237 -0.5033 -0.6873
vn 0.3281 -0.5032 -0.7994
vn 0.2657 -0.7101 -0.6520
vn 0.3681 -0.2609 -0.8924
vn 0.5238 -0.5032 -0.6874
vn 0.3280 -0.5032 -0.7995
vn 0.2776 -0.7543 -0.5949
vn 0.4220 -0.7544 -0.5028
vn 0.3681 -0.2609 -0.8925
vn 0.0268 -0.9594 -0.2808
vn 0.0985 -0.9594 -0.2643
vn 0.0599 -0.8679 -0.4932
vn 0.1855 -0.8679 -0.4608
vn 0.0879 -0.7102 -0.6985
vn 0.1855 -0.8678 -0.4609
vn 0.1100 -0.5032 -0.8571
vn 0.3280 -0.5033 -0.7995
vn 0.0879 -0.7101 -0.6986
vn 0.1246 -0.2609 -0.9573
vn 0.3680 -0.2609 -0.8925
vn 0.1099 -0.5032 -0.8571
vn 0.1142 -0.7543 -0.6465
vn 0.2775 -0.7544 -0.5949
vn -0.0698 -0.8679 -0.4919
vn 0.0599 -0.8679 -0.4931
vn 0.0599 -0.8678 -0.4932
vn -0.1156 -0.5033 -0.8564
vn 0.1099 -0.5033 -0.8571
vn -0.1156 -0.5032 -0.8564
vn 0.0878 -0.7101 -0.6986
vn 0.1245 -0.2609 -0.9573
vn 0.1099 -0.5032 -0.8572
vn -0.0571 -0.7543 -0.6540
vn 0.1141 -0.7544 -0.6465
vn -0.0651 -0.6621 -0.7465
vn 0.3169 -0.6621 -0.6791
vn 0.4818 -0.6621 -0.5740
vn -0.4222 -0.7543 0.5028
vn -0.2776 -0.7543 0.5950
vn -0.1351 -0.6295 0.7652
vn 0.1102 -0.7740 -0.6235
vn 0.3168 -0.6621 -0.6791
vn 0.4818 -0.6621 -0.5739
vn 0.4819 -0.6621 -0.5739
vn 0.6139 -0.6621 -0.4297
vn 0.6140 -0.6621 -0.4296
vn 0.8252 -0.4785 -0.3002
vn -0.5243 -0.8299 0.1906
vn 0.6140 -0.6621 -0.4297
vn -0.5243 -0.8299 0.1907
vn 0.7465 -0.6621 -0.0652
vn -0.5242 -0.8299 0.1907
vn 0.7465 -0.6621 -0.0651
vn 0.5740 -0.6621 0.4818
vn -0.5029 -0.7543 -0.4221
vn -0.5950 -0.7543 -0.2776
vn 0.5739 -0.6621 0.4818
vn 0.6791 -0.6621 0.3169
vn 0.6791 -0.6621 0.3168
vn -0.5950 -0.7543 -0.2775
vn -0.6465 -0.7543 -0.1141
vn 0.7380 -0.6621 0.1303
vn 0.2562 -0.6621 0.7042
vn -0.2245 -0.7543 -0.6170
vn -0.3765 -0.7543 -0.5379
vn 0.2561 -0.6621 0.7043
vn 0.4297 -0.6621 0.6140
vn -0.1303 -0.6621 0.7380
vn 0.1141 -0.7543 -0.6465
vn 0.0651 -0.6621 0.7465
vn -0.4818 -0.6621 0.5740
vn 0.4221 -0.7543 -0.5029
vn 0.2776 -0.7543 -0.5950
vn -0.4818 -0.6621 0.5739
vn -0.3169 -0.6621 0.6791
vn -0.7042 -0.6621 0.2562
vn 0.6170 -0.7543 -0.2245
vn 0.5379 -0.7543 -0.3765
vn -0.7043 -0.6621 0.2561
vn -0.6140 -0.6621 0.4297
vn -0.7380 -0.6621 -0.1303
vn 0.6465 -0.7543 0.1141
vn -0.7465 -0.6621 0.0651
vn -0.5740 -0.6621 -0.4818
vn 0.5029 -0.7543 0.4221
vn 0.5950 -0.7543 0.2776
vn -0.5739 -0.6621 -0.4818
vn -0.6791 -0.6621 -0.3169
vn 0.3765 -0.7543 0.5379
vn -0.4297 -0.6621 -0.6140
vn -0.2561 -0.6621 -0.7043
vn -0.2562 -0.6621 -0.7042
vn 0.2245 -0.7543 0.6170
vn 0.4297 -0.6621 0.6139
vn -0.3765 -0.7543 -0.5378
vn 0.0652 -0.6621 0.7465
vn -0.2244 -0.7543 -0.6170
vn 0.2561 -0.6621 0.7042
vn -0.3168 -0.6621 0.6791
vn 0.2775 -0.7543 -0.5950
vn -0.6139 -0.6621 0.4297
vn 0.5378 -0.7543 -0.3765
vn 0.6170 -0.7543 -0.2244
vn -0.7042 -0.6621 0.2561
vn -0.7465 -0.6621 0.0652
vn -0.6791 -0.6621 -0.3168
vn 0.5950 -0.7543 0.2775
vn -0.4297 -0.6621 -0.6139
vn 0.3765 -0.7543 0.5378
vn 0.2244 -0.7543 0.6170
vn -0.2561 -0.6621 -0.7042
vn -0.0652 -0.6621 -0.7465
vt 0.259766 0.429688
vt 0.267578 0.429688
vt 0.263672 0.468750
vt 0.257812 0.390625
vt 0.269531 0.390625
vt 0.255859 0.351562
vt 0.271484 0.351562
vt 0.253906 0.312500
vt 0.273438 0.312500
vt 0.253906 0.273438
vt 0.273438 0.273438
vt 0.253906 0.234375
vt 0.273438 0.234375
vt 0.279297 0.429688
vt 0.287109 0.429688
vt 0.283203 0.468750
vt 0.277344 0.390625
vt 0.289062 0.390625
vt 0.275391 0.351562
vt 0.291016 0.351562
vt 0.292969 0.312500
vt 0.292969 0.273438
vt 0.292969 0.234375
vt 0.298828 0.429688
vt 0.306641 0.429688
vt 0.302734 0.468750
vt 0.296875 0.390625
vt 0.308594 0.390625
vt 0.294922 0.351562
vt 0.310547 0.351562
vt 0.312500 0.312500
vt 0.312500 0.273438
vt 0.312500 0.234375
vt 0.318359 0.429688
vt 0.326172 0.429688
vt 0.322266 0.468750
vt 0.316406 0.390625
vt 0.328125 0.390625
vt 0.314453 0.351562
vt 0.330078 0.351562
vt 0.332031 0.312500
vt 0.332031 0.273438
vt 0.332031 0.234375
vt 0.337891 0.429688
vt 0.345703 0.429688
vt 0.341797 0.468750
vt 0.335938 0.390625
vt 0.347656 0.390625
vt 0.333984 0.351562
vt 0.349609 0.351562
vt 0.351562 0.312500
vt 0.351562 0.273438
vt 0.351562 0.234375
vt 0.357422 0.429688
vt 0.365234 0.429688
vt 0.361328 0.468750
vt 0.355469 0.390625
vt 0.367188 0.390625
vt 0.353516 0.351562
vt 0.369141 0.351562
vt 0.371094 0.312500
vt 0.371094 0.273438
vt 0.371094 0.234375
vt 0.376953 0.429688
vt 0.384766 0.429688
vt 0.380859 0.468750
vt 0.375000 0.390625
vt 0.386719 0.390625
vt 0.373047 0.351562
vt 0.388672 0.351562
vt 0.390625 0.312500
vt 0.390625 0.273438
vt 0.390625 0.234375
vt 0.396484 0.429688
vt 0.404297 0.429688
vt 0.400391 0.468750
vt 0.394531 0.390625
vt 0.406250 0.390625
vt 0.392578 0.351562
vt 0.408203 0.351562
vt 0.410156 0.312500
vt 0.410156 0.273438
vt 0.410156 0.234375
vt 0.416016 0.429688
vt 0.423828 0.429688
vt 0.419922 0.468750
vt 0.416406 0.429688
vt 0.414062 0.390625
vt 0.425781 0.390625
vt 0.412109 0.351562
vt 0.427734 0.351562
vt 0.429688 0.312500
vt 0.429688 0.273438
vt 0.429688 0.234375
vt 0.435547 0.429688
vt 0.443359 0.429688
vt 0.439453 0.468750
vt 0.433594 0.390625
vt 0.445312 0.390625
vt 0.431641 0.351562
vt 0.447266 0.351562
vt 0.449219 0.312500
vt 0.449219 0.273438
vt 0.449219 0.234375
vt 0.455078 0.429688
vt 0.462891 0.429688
vt 0.458984 0.468750
vt 0.453125 0.390625
vt 0.464844 0.390625
vt 0.451172 0.351562
vt 0.466797 0.351562
vt 0.468750 0.312500
vt 0.468750 0.273438
vt 0.468750 0.234375
vt 0.005859 0.429688
vt 0.013672 0.429688
vt 0.009766 0.468750
vt 0.003906 0.390625
vt 0.015625 0.390625
vt 0.001953 0.351562
vt 0.017578 0.351562
vt 0.000000 0.312500
vt 0.019531 0.312500
vt 0.000000 0.273438
vt 0.019531 0.273438
vt 0.000000 0.234375
vt 0.019531 0.234375
vt 0.025391 0.429688
vt 0.033203 0.429688
vt 0.029297 0.468750
vt 0.023438 0.390625
vt 0.035156 0.390625
vt 0.021484 0.351562
vt 0.037109 0.351562
vt 0.039062 0.312500
vt 0.039062 0.273438
vt 0.039062 0.234375
vt 0.044922 0.429688
vt 0.052734 0.429688
vt 0.048828 0.468750
vt 0.042969 0.390625
vt 0.054688 0.390625
vt 0.041016 0.351562
vt 0.056641 0.351562
vt 0.058594 0.312500
vt 0.058594 0.273438
vt 0.058594 0.234375
vt 0.064453 0.429688
vt 0.072266 0.429688
vt 0.068359 0.468750
vt 0.062500 0.390625
vt 0.074219 0.390625
vt 0.060547 0.351562
vt 0.076172 0.351562
vt 0.078125 0.312500
vt 0.078125 0.273438
vt 0.078125 0.234375
vt 0.083984 0.429688
vt 0.091797 0.429688
vt 0.087891 0.468750
vt 0.082031 0.390625
vt 0.093750 0.390625
vt 0.080078 0.351562
vt 0.095703 0.351562
vt 0.097656 0.312500
vt 0.097656 0.273438
vt 0.097656 0.234375
vt 0.103516 0.429688
vt 0.111328 0.429688
vt 0.107422 0.468750
vt 0.101562 0.390625
vt 0.113281 0.390625
vt 0.099609 0.351562
vt 0.115234 0.351562
vt 0.117188 0.312500
vt 0.117188 0.273438
vt 0.117188 0.234375
vt 0.123047 0.429688
vt 0.130859 0.429688
vt 0.126953 0.468750
vt 0.121094 0.390625
vt 0.132812 0.390625
vt 0.119141 0.351562
vt 0.134766 0.351562
vt 0.136719 0.312500
vt 0.136719 0.273438
vt 0.136719 0.234375
vt 0.142578 0.429688
vt 0.150391 0.429688
vt 0.146484 0.468750
vt 0.140625 0.390625
vt 0.152344 0.390625
vt 0.138672 0.351562
vt 0.154297 0.351562
vt 0.156250 0.312500
vt 0.156250 0.273438
vt 0.156250 0.234375
vt 0.162109 0.429688
vt 0.169922 0.429688
vt 0.166016 0.468750
vt 0.160156 0.390625
vt 0.171875 0.390625
vt 0.158203 0.351562
vt 0.173828 0.351562
vt 0.175781 0.312500
vt 0.175781 0.273438
vt 0.175781 0.234375
vt 0.181641 0.429688
vt 0.189453 0.429688
vt 0.185547 0.468750
vt 0.179688 0.390625
vt 0.191406 0.390625
vt 0.177734 0.351562
vt 0.193359 0.351562
vt 0.195312 0.312500
vt 0.195312 0.273438
vt 0.195312 0.234375
vt 0.201172 0.429688
vt 0.208984 0.429688
vt 0.205078 0.468750
vt 0.199219 0.390625
vt 0.210938 0.390625
vt 0.197266 0.351562
vt 0.212891 0.351562
vt 0.214844 0.312500
vt 0.214844 0.273438
vt 0.214844 0.234375
vt 0.220703 0.429688
vt 0.228516 0.429688
vt 0.224609 0.468750
vt 0.218750 0.390625
vt 0.230469 0.390625
vt 0.216797 0.351562
vt 0.232422 0.351562
vt 0.234375 0.312500
vt 0.234375 0.273438
vt 0.234375 0.234375
vt 0.240234 0.429688
vt 0.248047 0.429688
vt 0.244141 0.468750
vt 0.238281 0.390625
vt 0.250000 0.390625
vt 0.236328 0.351562
vt 0.251953 0.351562
vt 0.228516 0.195312
vt 0.220703 0.195312
vt 0.224609 0.234375
vt 0.230469 0.156250
vt 0.218750 0.156250
vt 0.232422 0.117188
vt 0.216797 0.117188
vt 0.234375 0.078125
vt 0.214844 0.078125
vt 0.234375 0.039062
vt 0.214844 0.039062
vt 0.234375 0.000000
vt 0.214844 0.000000
vt 0.208984 0.195312
vt 0.201172 0.195312
vt 0.205078 0.234375
vt 0.210938 0.156250
vt 0.199219 0.156250
vt 0.212891 0.117188
vt 0.197266 0.117188
vt 0.195312 0.078125
vt 0.195312 0.039062
vt 0.195312 0.000000
vt 0.189453 0.195312
vt 0.181641 0.195312
vt 0.185547 0.234375
vt 0.191406 0.156250
vt 0.179688 0.156250
vt 0.193359 0.117188
vt 0.177734 0.117188
vt 0.175781 0.078125
vt 0.175781 0.039062
vt 0.175781 0.000000
vt 0.169922 0.195312
vt 0.162109 0.195312
vt 0.166016 0.234375
vt 0.171875 0.156250
vt 0.160156 0.156250
vt 0.173828 0.117188
vt 0.158203 0.117188
vt 0.156250 0.078125
vt 0.156250 0.039062
vt 0.156250 0.000000
vt 0.150391 0.195312
vt 0.142578 0.195312
vt 0.146484 0.234375
vt 0.152344 0.156250
vt 0.140625 0.156250
vt 0.154297 0.117188
vt 0.138672 0.117188
vt 0.136719 0.078125
vt 0.136719 0.039062
vt 0.136719 0.000000
vt 0.130859 0.195312
vt 0.123047 0.195312
vt 0.126953 0.234375
vt 0.132812 0.156250
vt 0.121094 0.156250
vt 0.134766 0.117188
vt 0.119141 0.117188
vt 0.117188 0.078125
vt 0.117188 0.039062
vt 0.117188 0.000000
vt 0.111328 0.195312
vt 0.103516 0.195312
vt 0.107422 0.234375
vt 0.113281 0.156250
vt 0.101562 0.156250
vt 0.115234 0.117188
vt 0.099609 0.117188
vt 0.097656 0.078125
vt 0.097656 0.039062
vt 0.097656 0.000000
vt 0.091797 0.195312
vt 0.083984 0.195312
vt 0.087891 0.234375
vt 0.093750 0.156250
vt 0.082031 0.156250
vt 0.095703 0.117188
vt 0.080078 0.117188
vt 0.078125 0.078125
vt 0.078125 0.039062
vt 0.078125 0.000000
vt 0.072266 0.195312
vt 0.064453 0.195312
vt 0.068359 0.234375
vt 0.074219 0.156250
vt 0.062500 0.156250
vt 0.076172 0.117188
vt 0.060547 0.117188
vt 0.058594 0.078125
vt 0.058594 0.039062
vt 0.058594 0.000000
vt 0.052734 0.195312
vt 0.044922 0.195312
vt 0.048828 0.234375
vt 0.054688 0.156250
vt 0.042969 0.156250
vt 0.056641 0.117188
vt 0.041016 0.117188
vt 0.039062 0.078125
vt 0.039062 0.039062
vt 0.039062 0.000000
vt 0.033203 0.195312
vt 0.025391 0.195312
vt 0.029297 0.234375
vt 0.035156 0.156250
vt 0.023438 0.156250
vt 0.037109 0.117188
vt 0.021484 0.117188
vt 0.019531 0.078125
vt 0.019531 0.039062
vt 0.019531 0.000000
vt 0.013672 0.195312
vt 0.005859 0.195312
vt 0.009766 0.234375
vt 0.015625 0.156250
vt 0.003906 0.156250
vt 0.017578 0.117188
vt 0.001953 0.117188
vt 0.000000 0.078125
vt 0.000000 0.039062
vt 0.000000 0.000000
vt 0.462891 0.195312
vt 0.455078 0.195312
vt 0.458984 0.234375
vt 0.464844 0.156250
vt 0.453125 0.156250
vt 0.466797 0.117188
vt 0.451172 0.117188
vt 0.468750 0.078125
vt 0.449219 0.078125
vt 0.468750 0.039062
vt 0.449219 0.039062
vt 0.468750 0.000000
vt 0.449219 0.000000
vt 0.443359 0.195312
vt 0.435547 0.195312
vt 0.439453 0.234375
vt 0.445312 0.156250
vt 0.433594 0.156250
vt 0.447266 0.117188
vt 0.431641 0.117188
vt 0.429688 0.078125
vt 0.429688 0.039062
vt 0.429688 0.000000
vt 0.423828 0.195312
vt 0.416016 0.195312
vt 0.419922 0.234375
vt 0.425781 0.156250
vt 0.414062 0.156250
vt 0.427734 0.117188
vt 0.412109 0.117188
vt 0.410156 0.078125
vt 0.410156 0.039062
vt 0.410156 0.000000
vt 0.404297 0.195312
vt 0.396484 0.195312
vt 0.400391 0.234375
vt 0.406250 0.156250
vt 0.394531 0.156250
vt 0.408203 0.117188
vt 0.392578 0.117188
vt 0.390625 0.078125
vt 0.390625 0.039062
vt 0.390625 0.000000
vt 0.384766 0.195312
vt 0.376953 0.195312
vt 0.380859 0.234375
vt 0.386719 0.156250
vt 0.375000 0.156250
vt 0.388672 0.117188
vt 0.373047 0.117188
vt 0.371094 0.078125
vt 0.371094 0.039062
vt 0.371094 0.000000
vt 0.365234 0.195312
vt 0.357422 0.195312
vt 0.361328 0.234375
vt 0.367188 0.156250
vt 0.355469 0.156250
vt 0.369141 0.117188
vt 0.353516 0.117188
vt 0.351562 0.078125
vt 0.351562 0.039062
vt 0.351562 0.000000
vt 0.345703 0.195312
vt 0.337891 0.195312
vt 0.341797 0.234375
vt 0.347656 0.156250
vt 0.335938 0.156250
vt 0.349609 0.117188
vt 0.333984 0.117188
vt 0.332031 0.078125
vt 0.332031 0.039062
vt 0.332031 0.000000
vt 0.326172 0.195312
vt 0.318359 0.195312
vt 0.322266 0.234375
vt 0.328125 0.156250
vt 0.316406 0.156250
vt 0.330078 0.117188
vt 0.314453 0.117188
vt 0.312500 0.078125
vt 0.312500 0.039062
vt 0.312500 0.000000
vt 0.306641 0.195312
vt 0.298828 0.195312
vt 0.302734 0.234375
vt 0.308594 0.156250
vt 0.296875 0.156250
vt 0.310547 0.117188
vt 0.294922 0.117188
vt 0.292969 0.078125
vt 0.292969 0.039062
vt 0.292969 0.000000
vt 0.287109 0.195312
vt 0.279297 0.195312
vt 0.283203 0.234375
vt 0.289062 0.156250
vt 0.277344 0.156250
vt 0.291016 0.117188
vt 0.275391 0.117188
vt 0.273438 0.078125
vt 0.273438 0.039062
vt 0.273438 0.000000
vt 0.267578 0.195312
vt 0.259766 0.195312
vt 0.263672 0.234375
vt 0.269531 0.156250
vt 0.257812 0.156250
vt 0.271484 0.117188
vt 0.255859 0.117188
vt 0.253906 0.078125
vt 0.253906 0.039062
vt 0.253906 0.000000
vt 0.248047 0.195312
vt 0.240234 0.195312
vt 0.244141 0.234375
vt 0.250000 0.156250
vt 0.238281 0.156250
vt 0.251953 0.117188
vt 0.236328 0.117188
vt 0.000000 0.007812
vt 0.019531 0.007812
vt 0.449219 0.007812
vt 0.429688 0.007812
vt 0.468750 0.007812
vt 0.410156 0.007812
vt 0.410173 0.007642
vt 0.390642 0.007982
vt 0.390608 0.000170
vt 0.410139 0.000000
vt 0.371094 0.007812
vt 0.390625 0.007812
vt 0.351562 0.007812
vt 0.332031 0.007812
vt 0.312500 0.007812
vt 0.273438 0.007812
vt 0.292969 0.007812
vt 0.253906 0.007812
vt 0.234375 0.007812
vt 0.156250 0.007812
vt 0.175781 0.007812
vt 0.136719 0.007812
vt 0.117188 0.007812
vt 0.058594 0.007812
vt 0.039062 0.007812
vt 0.214844 0.007812
vt 0.195312 0.007812
vt 0.097656 0.007812
vt 0.078125 0.007812
s 0
usemtl m_d95e2622-4fc8-fcfa-04be-51915d9de371
f 27/10/15 28/11/16 29/12/17
f 27/10/18 30/13/19 31/14/20
f 27/10/18 31/14/20 28/11/16
f 30/13/21 32/15/22 33/16/23
f 30/13/21 33/16/24 31/14/20
f 32/15/22 34/17/25 35/18/26
f 32/15/22 35/18/26 33/16/27
f 34/17/28 36/19/29 37/20/30
f 34/17/28 37/20/30 35/18/31
f 36/19/29 38/21/32 39/22/33
f 36/19/29 39/22/33 37/20/30
f 28/23/34 40/24/35 29/25/17
f 28/23/16 31/26/36 41/27/37
f 28/23/16 41/27/37 40/24/35
f 31/26/38 33/28/27 42/29/39
f 31/26/38 42/29/39 41/27/40
f 33/28/27 35/18/41 43/30/42
f 33/28/27 43/30/42 42/29/43
f 35/18/31 37/20/30 44/31/44
f 35/18/31 44/31/44 43/30/45
f 37/20/30 39/22/33 45/32/46
f 37/20/30 45/32/46 44/31/44
f 40/33/35 46/34/47 29/35/17
f 40/33/35 41/36/37 47/37/48
f 40/33/35 47/37/48 46/34/49
f 41/36/50 42/38/43 48/39/51
f 41/36/50 48/39/51 47/37/52
f 42/38/43 43/30/53 49/40/54
f 42/38/43 49/40/54 48/39/55
f 43/30/56 44/31/57 50/41/58
f 43/30/56 50/41/58 49/40/59
f 44/31/57 45/32/60 51/42/61
f 44/31/57 51/42/61 50/41/58
f 46/43/47 52/44/62 29/45/17
f 46/43/49 47/46/63 53/47/64
f 46/43/49 53/47/64 52/44/62
f 47/46/65 48/48/55 54/49/66
f 47/46/65 54/49/66 53/47/64
f 48/48/67 49/40/68 55/50/69
f 48/48/67 55/50/70 54/49/71
f 49/40/72 50/41/58 56/51/73
f 49/40/72 56/51/73 55/50/74
f 50/41/58 51/42/61 57/52/75
f 50/41/58 57/52/76 56/51/73
f 52/53/77 58/54/78 29/55/17
f 52/53/62 53/56/79 59/57/80
f 52/53/62 59/57/80 58/54/78
f 53/56/81 54/58/82 60/59/83
f 53/56/81 60/59/83 59/57/80
f 54/58/71 55/50/84 61/60/85
f 54/58/71 61/60/85 60/59/86
f 55/50/74 56/51/87 62/61/88
f 55/50/74 62/61/89 61/60/90
f 56/51/87 57/52/75 63/62/91
f 56/51/87 63/62/91 62/61/88
f 58/63/78 64/64/92 29/65/17
f 58/63/78 59/66/93 65/67/94
f 58/63/78 65/67/94 64/64/95
f 59/66/96 60/68/97 66/69/98
f 59/66/96 66/69/98 65/67/94
f 60/68/86 61/60/99 67/70/100
f 60/68/86 67/70/100 66/69/101
f 61/60/102 62/61/89 68/71/103
f 61/60/104 68/71/103 67/70/105
f 62/61/89 63/62/91 69/72/106
f 62/61/89 69/72/106 68/71/107
f 64/73/92 70/74/108 29/75/17
f 64/73/95 65/76/109 71/77/110
f 64/73/95 71/77/110 70/74/108
f 65/76/111 66/78/101 72/79/112
f 65/76/111 72/79/112 71/77/110
f 66/78/101 67/70/113 73/80/114
f 66/78/101 73/80/114 72/79/115
f 67/70/116 68/71/103 74/81/117
f 67/70/116 74/81/117 73/80/118
f 68/71/103 69/72/106 75/82/119
f 68/71/103 75/82/119 74/81/117
f 70/83/120 76/84/121 29/85/17
f 70/83/108 71/86/122 77/87/123
f 70/83/108 77/87/123 76/84/121
f 71/86/124 72/88/115 78/89/125
f 71/86/124 78/89/125 77/87/126
f 72/88/115 73/80/127 79/90/128
f 72/88/115 79/90/128 78/89/129
f 73/80/118 74/81/117 80/91/130
f 73/80/118 80/91/130 79/90/131
f 74/81/117 75/82/119 81/92/132
f 74/81/117 81/92/132 80/91/130
f 76/93/121 82/94/133 29/95/17
f 76/96/121 77/97/123 83/98/134
f 76/96/121 83/98/134 82/94/135
f 77/97/136 78/99/129 84/100/137
f 77/97/136 84/100/137 83/98/138
f 78/99/129 79/90/139 85/101/140
f 78/99/129 85/101/140 84/100/141
f 79/90/142 80/91/143 86/102/144
f 79/90/142 86/102/144 85/101/145
f 80/91/143 81/92/146 87/103/147
f 80/91/143 87/103/147 86/102/144
f 82/104/133 88/105/148 29/106/17
f 82/104/135 83/107/134 89/108/149
f 82/104/135 89/108/149 88/105/148
f 83/107/150 84/109/141 90/110/151
f 83/107/150 90/110/151 89/108/149
f 84/109/152 85/101/153 91/111/154
f 84/109/152 91/111/154 90/110/155
f 85/101/156 86/102/144 92/112/157
f 85/101/156 92/112/157 91/111/158
f 86/102/144 87/103/147 93/113/159
f 86/102/144 93/113/160 92/112/157
f 88/114/161 94/115/162 29/116/17
f 88/114/148 89/117/163 95/118/164
f 88/114/148 95/118/164 94/115/162
f 89/117/165 90/119/155 96/120/166
f 89/117/165 96/120/166 95/118/164
f 90/119/155 91/111/167 97/121/168
f 90/119/155 97/121/168 96/120/169
f 91/111/170 92/112/171 98/122/172
f 91/111/170 98/122/172 97/121/173
f 92/112/171 93/113/159 99/123/174
f 92/112/171 99/123/174 98/122/175
f 94/124/162 100/125/176 29/126/17
f 94/124/162 95/127/177 101/128/178
f 94/124/162 101/128/178 100/125/179
f 95/127/180 96/129/181 102/130/182
f 95/127/180 102/130/182 101/128/178
f 96/129/169 97/131/183 103/132/184
f 96/129/169 103/132/184 102/130/185
f 97/131/186 98/133/172 104/134/187
f 97/131/186 104/134/187 103/132/188
f 98/133/172 99/135/174 105/136/189
f 98/133/172 105/136/189 104/134/190
f 100/137/176 106/138/191 29/139/17
f 100/137/179 101/140/192 107/141/193
f 100/137/179 107/141/193 106/138/191
f 101/140/194 102/142/185 108/143/195
f 101/140/194 108/143/196 107/141/193
f 102/142/185 103/132/197 109/144/198
f 102/142/185 109/144/198 108/143/199
f 103/132/200 104/134/187 110/145/201
f 103/132/200 110/145/201 109/144/202
f 104/134/187 105/136/189 111/146/203
f 104/134/187 111/146/203 110/145/201
f 106/147/204 112/148/205 29/149/17
f 106/147/191 107/150/206 113/151/207
f 106/147/191 113/151/207 112/148/205
f 107/150/208 108/152/199 114/153/209
f 107/150/208 114/153/209 113/151/210
f 108/152/199 109/144/211 115/154/212
f 108/152/199 115/154/212 114/153/213
f 109/144/202 110/145/201 116/155/214
f 109/144/202 116/155/214 115/154/215
f 110/145/201 111/146/203 117/156/216
f 110/145/201 117/156/216 116/155/214
f 112/157/205 118/158/217 29/159/17
f 112/157/205 113/160/207 119/161/218
f 112/157/205 119/161/218 118/158/219
f 113/160/220 114/162/213 120/163/221
f 113/160/220 120/163/221 119/161/222
f 114/162/213 115/154/223 121/164/224
f 114/162/213 121/164/224 120/163/225
f 115/154/226 116/155/227 122/165/228
f 115/154/226 122/165/228 121/164/229
f 116/155/227 117/156/230 123/166/231
f 116/155/227 123/166/231 122/165/228
f 118/167/217 124/168/232 29/169/17
f 118/167/219 119/170/218 125/171/233
f 118/167/219 125/171/233 124/168/232
f 119/170/234 120/172/225 126/173/235
f 119/170/234 126/173/235 125/171/233
f 120/172/236 121/164/237 127/174/238
f 120/172/236 127/174/239 126/173/240
f 121/164/241 122/165/228 128/175/242
f 121/164/241 128/175/242 127/174/243
f 122/165/228 123/166/231 129/176/244
f 122/165/228 129/176/245 128/175/242
f 124/177/246 130/178/247 29/179/17
f 124/177/232 125/180/248 131/181/249
f 124/177/232 131/181/249 130/178/247
f 125/180/250 126/182/240 132/183/251
f 125/180/250 132/183/251 131/181/249
f 126/182/240 127/174/252 133/184/253
f 126/182/240 133/184/253 132/183/254
f 127/174/243 128/175/255 134/185/256
f 127/174/243 134/185/257 133/184/258
f 128/175/255 129/176/244 135/186/259
f 128/175/255 135/186/259 134/185/256
f 130/187/247 136/188/260 29/189/17
f 130/187/247 131/190/261 137/191/262
f 130/187/247 137/191/262 136/188/263
f 131/190/264 132/192/265 138/193/266
f 131/190/264 138/193/266 137/191/262
f 132/192/254 133/184/267 139/194/268
f 132/192/254 139/194/268 138/193/269
f 133/184/270 134/185/257 140/195/271
f 133/184/272 140/195/271 139/194/273
f 134/185/257 135/186/259 141/196/274
f 134/185/257 141/196/274 140/195/275
f 136/197/260 142/198/276 29/199/17
f 136/197/263 137/200/277 143/201/278
f 136/197/263 143/201/278 142/198/276
f 137/200/279 138/202/269 144/203/280
f 137/200/279 144/203/280 143/201/278
f 138/202/269 139/194/281 145/204/282
f 138/202/269 145/204/282 144/203/283
f 139/194/284 140/195/271 146/205/285
f 139/194/284 146/205/285 145/204/286
f 140/195/271 141/196/274 147/206/287
f 140/195/271 147/206/287 146/205/285
f 142/207/288 148/208/289 29/209/17
f 142/207/276 143/210/290 149/211/291
f 142/207/276 149/211/291 148/208/289
f 143/210/292 144/212/283 150/213/293
f 143/210/292 150/213/293 149/211/294
f 144/212/283 145/204/295 151/214/296
f 144/212/283 151/214/296 150/213/297
f 145/204/286 146/205/285 152/215/298
f 145/204/286 152/215/298 151/214/299
f 146/205/285 147/206/287 153/216/300
f 146/205/285 153/216/300 152/215/298
f 148/217/289 154/218/301 29/219/17
f 148/217/289 149/220/291 155/221/302
f 148/217/289 155/221/302 154/218/303
f 149/220/304 150/222/297 156/223/305
f 149/220/304 156/223/305 155/221/306
f 150/222/297 151/214/307 157/224/308
f 150/222/297 157/224/308 156/223/309
f 151/214/310 152/215/311 158/225/312
f 151/214/310 158/225/312 157/224/313
f 152/215/311 153/216/314 159/226/315
f 152/215/311 159/226/315 158/225/312
f 154/227/301 160/228/316 29/229/17
f 154/227/303 155/230/302 161/231/317
f 154/227/303 161/231/317 160/228/316
f 155/230/318 156/232/309 162/233/319
f 155/230/318 162/233/319 161/231/317
f 156/232/320 157/224/321 163/234/322
f 156/232/320 163/234/322 162/233/323
f 157/224/324 158/225/312 164/235/325
f 157/224/324 164/235/325 163/234/326
f 158/225/312 159/226/315 165/236/327
f 158/225/312 165/236/328 164/235/325
f 160/237/329 166/238/330 29/239/17
f 160/237/316 161/240/331 167/241/332
f 160/237/316 167/241/332 166/238/330
f 161/240/333 162/242/323 168/243/334
f 161/240/333 168/243/334 167/241/332
f 162/242/323 163/234/335 169/244/336
f 162/242/323 169/244/336 168/243/337
f 163/234/338 164/235/339 170/245/340
f 163/234/338 170/245/340 169/244/341
f 164/235/339 165/236/327 171/246/342
f 164/235/339 171/246/342 170/245/343
f 166/247/330 27/248/15 29/249/17
f 166/247/330 167/250/344 30/251/345
f 166/247/330 30/251/345 27/248/18
f 167/250/346 168/252/347 32/253/348
f 167/250/346 32/253/348 30/251/345
f 168/252/337 169/244/349 34/17/350
f 168/252/337 34/17/350 32/253/22
f 169/244/351 170/245/340 36/19/29
f 169/244/351 36/19/29 34/17/352
f 170/245/340 171/246/342 38/21/32
f 170/245/340 38/21/32 36/19/353
f 172/254/354 173/255/355 174/256/356
f 175/257/357 176/258/358 173/255/359
f 175/257/360 173/255/359 172/254/354
f 177/259/361 178/260/362 176/258/363
f 177/259/361 176/258/363 175/257/360
f 179/261/364 180/262/365 178/260/366
f 179/261/367 178/260/366 177/259/368
f 181/263/369 182/264/370 180/262/371
f 181/263/369 180/262/371 179/261/372
f 183/265/373 184/266/374 182/264/370
f 183/265/373 182/264/370 181/263/369
f 185/267/375 172/268/376 174/269/356
f 186/270/377 175/271/357 172/268/354
f 186/270/378 172/268/354 185/267/375
f 187/272/379 177/273/380 175/271/381
f 187/272/379 175/271/381 186/270/377
f 188/262/382 179/274/383 177/273/368
f 188/262/384 177/273/368 187/272/385
f 189/264/386 181/275/369 179/274/372
f 189/264/386 179/274/372 188/262/384
f 190/266/387 183/276/388 181/275/369
f 190/266/387 181/275/389 189/264/386
f 191/277/390 185/278/375 174/279/356
f 192/280/391 186/281/377 185/278/375
f 192/280/391 185/278/375 191/277/390
f 193/282/392 187/283/379 186/281/393
f 193/282/392 186/281/393 192/280/391
f 194/274/394 188/284/395 187/283/385
f 194/274/396 187/283/385 193/282/397
f 195/275/398 189/285/399 188/284/400
f 195/275/398 188/284/400 194/274/396
f 196/276/401 190/286/402 189/285/399
f 196/276/401 189/285/403 195/275/398
f 197/287/404 191/288/405 174/289/356
f 198/290/406 192/291/407 191/288/390
f 198/290/406 191/288/390 197/287/404
f 199/292/408 193/293/392 192/291/409
f 199/292/408 192/291/409 198/290/406
f 200/284/410 194/294/411 193/293/397
f 200/284/412 193/293/397 199/292/413
f 201/285/414 195/295/398 194/294/415
f 201/285/414 194/294/415 200/284/416
f 202/286/417 196/296/418 195/295/398
f 202/286/417 195/295/398 201/285/419
f 203/297/420 197/298/421 174/299/356
f 204/300/422 198/301/423 197/298/404
f 204/300/422 197/298/404 203/297/420
f 205/302/424 199/303/408 198/301/425
f 205/302/424 198/301/425 204/300/422
f 206/294/426 200/304/427 199/303/413
f 206/294/428 199/303/413 205/302/429
f 207/295/430 201/305/431 200/304/416
f 207/295/430 200/304/416 206/294/432
f 208/296/433 202/306/434 201/305/431
f 208/296/433 201/305/431 207/295/430
f 209/307/435 203/308/420 174/309/356
f 210/310/436 204/311/437 203/308/420
f 210/310/436 203/308/420 209/307/438
f 211/312/439 205/313/424 204/311/440
f 211/312/439 204/311/440 210/310/436
f 212/304/441 206/314/442 205/313/429
f 212/304/443 205/313/444 211/312/445
f 213/305/446 207/315/447 206/314/448
f 213/305/446 206/314/432 212/304/443
f 214/306/449 208/316/450 207/315/447
f 214/306/449 207/315/447 213/305/446
f 215/317/451 209/318/435 174/319/356
f 216/320/452 210/321/453 209/318/438
f 216/320/454 209/318/438 215/317/451
f 217/322/455 211/323/439 210/321/456
f 217/322/455 210/321/456 216/320/454
f 218/314/457 212/324/458 211/323/445
f 218/314/459 211/323/445 217/322/460
f 219/315/461 213/325/446 212/324/462
f 219/315/461 212/324/462 218/314/463
f 220/316/464 214/326/465 213/325/446
f 220/316/464 213/325/446 219/315/461
f 221/327/466 215/328/467 174/329/356
f 222/330/468 216/331/452 215/328/451
f 222/330/469 215/328/451 221/327/466
f 223/332/470 217/333/471 216/331/472
f 223/332/470 216/331/472 222/330/468
f 224/324/473 218/334/474 217/333/460
f 224/324/473 217/333/460 223/332/475
f 225/325/476 219/335/461 218/334/463
f 225/325/476 218/334/463 224/324/477
f 226/326/478 220/336/479 219/335/461
f 226/326/478 219/335/480 225/325/476
f 227/337/481 221/338/466 174/339/356
f 228/340/482 222/341/468 221/338/466
f 228/340/482 221/338/466 227/337/481
f 229/342/483 223/343/470 222/341/484
f 229/342/483 222/341/484 228/340/482
f 230/334/485 224/344/486 223/343/475
f 230/334/487 223/343/475 229/342/488
f 231/335/489 225/345/490 224/344/477
f 231/335/489 224/344/477 230/334/487
f 232/336/491 226/346/492 225/345/490
f 232/336/491 225/345/493 231/335/489
f 233/347/494 227/348/495 174/349/356
f 234/350/496 228/351/497 227/348/481
f 234/350/496 227/348/481 233/347/494
f 235/352/498 229/353/483 228/351/499
f 235/352/498 228/351/499 234/350/496
f 236/344/500 230/354/501 229/353/488
f 236/344/500 229/353/488 235/352/502
f 237/345/503 231/355/489 230/354/504
f 237/345/503 230/354/504 236/344/505
f 238/346/506 232/356/507 231/355/489
f 238/346/506 231/355/489 237/345/508
f 239/357/509 233/358/510 174/359/356
f 240/360/511 234/361/512 233/358/494
f 240/360/511 233/358/494 239/357/509
f 241/362/513 235/363/498 234/361/514
f 241/362/513 234/361/514 240/360/511
f 242/354/515 236/364/516 235/363/502
f 242/354/515 235/363/502 241/362/517
f 243/355/518 237/365/519 236/364/505
f 243/355/518 236/364/505 242/354/520
f 244/356/521 238/366/522 237/365/519
f 244/356/523 237/365/519 243/355/518
f 245/367/524 239/368/509 174/369/356
f 246/370/525 240/371/526 239/368/509
f 246/370/525 239/368/509 245/367/527
f 247/372/528 241/373/513 240/371/529
f 247/372/528 240/371/529 246/370/525
f 248/364/530 242/374/531 241/373/517
f 248/364/532 241/373/533 247/372/534
f 249/365/535 243/375/536 242/374/537
f 249/365/535 242/374/520 248/364/532
f 250/366/538 244/376/539 243/375/536
f 250/366/538 243/375/536 249/365/535
f 251/377/540 245/378/524 174/379/356
f 252/380/541 246/381/542 245/378/527
f 252/380/543 245/378/527 251/377/540
f 253/382/544 247/383/528 246/381/545
f 253/382/544 246/381/545 252/380/543
f 254/384/546 248/385/547 247/383/534
f 254/384/548 247/383/534 253/382/549
f 255/386/550 249/387/535 248/385/551
f 255/386/550 248/385/551 254/384/552
f 256/388/553 250/389/554 249/387/535
f 256/388/553 249/387/535 255/386/550
f 257/390/555 251/391/556 174/392/356
f 258/393/557 252/394/541 251/391/540
f 258/393/558 251/391/540 257/390/555
f 259/395/559 253/396/560 252/394/561
f 259/395/559 252/394/561 258/393/557
f 260/385/562 254/397/563 253/396/549
f 260/385/562 253/396/549 259/395/564
f 261/387/565 255/398/550 254/397/552
f 261/387/565 254/397/552 260/385/562
f 262/389/566 256/399/567 255/398/550
f 262/389/566 255/398/568 261/387/565
f 263/400/569 257/401/555 174/402/356
f 264/403/570 258/404/557 257/401/555
f 264/403/570 257/401/555 263/400/569
f 265/405/571 259/406/559 258/404/572
f 265/405/571 258/404/572 264/403/570
f 266/397/573 260/407/574 259/406/564
f 266/397/575 259/406/564 265/405/576
f 267/398/577 261/408/578 260/407/579
f 267/398/577 260/407/579 266/397/575
f 268/399/580 262/409/581 261/408/578
f 268/399/580 261/408/582 267/398/577
f 269/410/583 263/411/584 174/412/356
f 270/413/585 264/414/586 263/411/569
f 270/413/585 263/411/569 269/410/583
f 271/415/587 265/416/571 264/414/588
f 271/415/587 264/414/588 270/413/585
f 272/407/589 266/417/590 265/416/576
f 272/407/591 265/416/576 271/415/592
f 273/408/593 267/418/577 266/417/594
f 273/408/593 266/417/594 272/407/595
f 274/409/596 268/419/597 267/418/577
f 274/409/596 267/418/577 273/408/598
f 275/420/599 269/421/600 174/422/356
f 276/423/601 270/424/602 269/421/583
f 276/423/601 269/421/583 275/420/599
f 277/425/603 271/426/587 270/424/604
f 277/425/603 270/424/604 276/423/601
f 278/417/605 272/427/606 271/426/592
f 278/417/607 271/426/592 277/425/608
f 279/418/609 273/428/610 272/427/595
f 279/418/609 272/427/595 278/417/611
f 280/419/612 274/429/613 273/428/610
f 280/419/612 273/428/610 279/418/609
f 281/430/614 275/431/599 174/432/356
f 282/433/615 276/434/616 275/431/599
f 282/433/615 275/431/599 281/430/617
f 283/435/618 277/436/603 276/434/619
f 283/435/618 276/434/619 282/433/615
f 284/427/620 278/437/621 277/436/608
f 284/427/622 277/436/623 283/435/624
f 285/428/625 279/438/626 278/437/627
f 285/428/625 278/437/611 284/427/622
f 286/429/628 280/439/629 279/438/626
f 286/429/628 279/438/626 285/428/625
f 287/440/630 281/441/614 174/442/356
f 288/443/631 282/444/632 281/441/617
f 288/443/633 281/441/617 287/440/630
f 289/445/634 283/446/618 282/444/635
f 289/445/634 282/444/635 288/443/633
f 290/437/636 284/447/637 283/446/624
f 290/437/638 283/446/624 289/445/639
f 291/438/640 285/448/625 284/447/641
f 291/438/640 284/447/641 290/437/642
f 292/439/643 286/449/644 285/448/625
f 292/439/643 285/448/625 291/438/640
f 293/450/645 287/451/646 174/452/356
f 294/453/647 288/454/631 287/451/630
f 294/453/648 287/451/630 293/450/645
f 295/455/649 289/456/650 288/454/651
f 295/455/649 288/454/651 294/453/647
f 296/447/652 290/457/653 289/456/639
f 296/447/652 289/456/639 295/455/654
f 297/448/655 291/458/640 290/457/642
f 297/448/655 290/457/642 296/447/656
f 298/449/657 292/459/658 291/458/640
f 298/449/657 291/458/659 297/448/655
f 299/460/660 293/461/645 174/462/356
f 300/463/661 294/464/647 293/461/645
f 300/463/661 293/461/645 299/460/660
f 301/465/662 295/466/649 294/464/663
f 301/465/662 294/464/663 300/463/661
f 302/457/664 296/467/665 295/466/654
f 302/457/666 295/466/654 301/465/667
f 303/458/668 297/468/669 296/467/656
f 303/458/668 296/467/656 302/457/666
f 304/459/670 298/469/671 297/468/669
f 304/459/670 297/468/672 303/458/668
f 305/470/673 299/471/674 174/472/356
f 306/473/675 300/474/676 299/471/660
f 306/473/675 299/471/660 305/470/673
f 307/475/677 301/476/662 300/474/678
f 307/475/677 300/474/678 306/473/675
f 308/467/679 302/477/680 301/476/667
f 308/467/681 301/476/667 307/475/682
f 309/468/683 303/478/668 302/477/684
f 309/468/683 302/477/684 308/467/685
f 310/469/686 304/479/687 303/478/668
f 310/469/686 303/478/668 309/468/688
f 311/480/689 305/481/690 174/482/356
f 312/483/691 306/484/692 305/481/673
f 312/483/691 305/481/673 311/480/689
f 313/485/693 307/486/677 306/484/694
f 313/485/693 306/484/694 312/483/691
f 314/477/695 308/487/696 307/486/682
f 314/477/695 307/486/682 313/485/697
f 315/478/698 309/488/699 308/487/685
f 315/478/698 308/487/685 314/477/700
f 316/479/701 310/489/702 309/488/699
f 316/479/701 309/488/699 315/478/698
f 173/490/355 311/491/689 174/492/356
f 176/493/703 312/494/704 311/491/689
f 176/493/703 311/491/689 173/490/359
f 178/495/362 313/496/693 312/494/705
f 178/495/362 312/494/705 176/493/703
f 180/487/706 314/261/707 313/496/697
f 180/487/708 313/496/709 178/495/366
f 182/488/370 315/263/710 314/261/711
f 182/488/370 314/261/700 180/487/708
f 184/489/712 316/265/713 315/263/710
f 184/489/712 315/263/710 182/488/370
f 99/497/174 244/376/523 250/366/538
f 99/497/174 250/366/538 105/498/714
f 93/499/715 87/500/716 232/399/717
f 93/499/715 232/399/491 238/389/718
f 238/389/506 244/388/719 99/501/174
f 238/389/506 99/501/720 93/499/721
f 226/409/478 232/399/491 87/500/722
f 226/409/478 87/500/723 81/502/724
f 81/503/725 75/504/726 220/505/727
f 81/503/728 220/505/729 226/506/478
f 69/507/730 214/429/449 220/419/731
f 69/507/732 220/419/731 75/508/119
f 51/509/733 196/439/734 202/429/735
f 51/509/736 202/429/735 57/507/737
f 57/510/738 202/449/739 208/439/740
f 57/510/737 208/439/740 63/509/741
f 63/511/741 208/459/740 214/449/449
f 63/511/741 214/449/449 69/510/732
f 39/512/742 183/479/743 190/469/744
f 39/512/745 190/469/744 45/513/746
f 171/514/747 316/489/748 184/479/712
f 171/514/747 184/479/712 38/512/749
f 159/515/750 304/265/751 310/489/752
f 159/515/753 310/489/752 165/514/754
f 147/516/755 292/296/756 298/286/757
f 147/516/758 298/286/757 153/517/759
f 135/518/760 280/306/761 286/296/628
f 135/518/760 286/296/628 141/516/762
f 123/519/763 268/316/764 274/306/765
f 123/519/766 274/306/765 129/518/767
f 262/346/768 117/520/769 111/521/770
f 262/346/768 111/521/771 256/356/772
f 45/513/773 190/469/774 196/459/734
f 45/513/746 196/459/734 51/511/736
f 38/522/775 184/266/712 183/265/776
f 38/522/749 183/265/776 39/515/777
f 165/523/778 310/276/779 316/266/748
f 165/523/754 316/266/748 171/522/747
f 153/517/780 298/286/781 304/276/751
f 153/517/759 304/276/751 159/523/753
f 292/316/782 147/519/783 141/524/762
f 292/316/782 141/524/784 286/326/628
f 280/326/761 135/524/760 129/525/767
f 280/326/761 129/525/785 274/336/786
f 117/520/787 262/346/788 268/336/764
f 117/520/769 268/336/764 123/525/766
f 256/356/789 111/521/790 105/498/714
f 256/356/789 105/498/791 250/366/538
o InnerCover
v 0.500000 -0.000000 -1.250000
v 0.500000 -0.323524 -1.207407
v -0.500000 -0.323524 -1.207407
v -0.500000 -0.000000 -1.250000
v -0.500000 -0.000000 -1.210938
v -0.500000 -0.313414 -1.169676
v 0.500000 -0.313414 -1.169676
v 0.500000 -0.000000 -1.210938
v 0.500000 -0.625000 -1.082532
v -0.500000 -0.625000 -1.082532
v -0.500000 -0.605469 -1.048702
v 0.500000 -0.605469 -1.048702
v 0.500000 -0.883884 -0.883884
v -0.500000 -0.883884 -0.883884
v -0.500000 -0.856262 -0.856262
v 0.500000 -0.856262 -0.856262
v 0.500000 -1.082532 -0.625000
v -0.500000 -1.082532 -0.625000
v -0.500000 -1.048702 -0.605469
v 0.500000 -1.048702 -0.605469
v 0.500000 -1.207407 -0.323524
v -0.500000 -1.207407 -0.323524
v -0.500000 -1.169676 -0.313414
v 0.500000 -1.169676 -0.313414
v 0.500000 -1.250000 0.000000
v -0.500000 -1.250000 0.000000
v -0.500000 -1.210938 0.000000
v 0.500000 -1.210938 0.000000
v 0.500000 -1.207407 0.323524
v -0.500000 -1.207407 0.323524
v -0.500000 -1.169676 0.313414
v 0.500000 -1.169676 0.313414
v 0.500000 -1.082532 0.625000
v -0.500000 -1.082532 0.625000
v -0.500000 -1.048702 0.605469
v 0.500000 -1.048702 0.605469
v 0.500000 -0.883884 0.883884
v -0.500000 -0.883884 0.883884
v -0.500000 -0.856262 0.856262
v 0.500000 -0.856262 0.856262
v 0.500000 -0.625000 1.082532
v -0.500000 -0.625000 1.082532
v -0.500000 -0.605469 1.048702
v 0.500000 -0.605469 1.048702
v 0.500000 -0.323524 1.207407
v -0.500000 -0.323524 1.207407
v -0.500000 -0.313414 1.169676
v 0.500000 -0.313414 1.169676
v 0.500000 0.000000 1.250000
v -0.500000 0.000000 1.250000
v -0.500000 0.000000 1.210938
v 0.500000 0.000000 1.210938
vn -0.0000 0.3492 -0.9370
vn -0.0000 -0.3009 -0.9537
vn -0.0000 -0.2162 -0.9764
vn -0.0000 0.8834 -0.4686
vn 0.0001 0.5366 0.8438
vn -0.0000 0.3009 0.9537
vn -0.0000 0.2162 0.9764
vn -0.0000 0.5366 0.8438
vn -0.0000 0.9066 0.4219
vn -0.0000 -0.3010 -0.9536
vn -0.0000 -0.5375 -0.8433
vn -0.0000 -0.4615 -0.8871
vn -0.0000 -0.2162 -0.9763
vn -0.0000 0.3010 0.9536
vn -0.0000 0.5375 0.8433
vn -0.0000 0.4615 0.8871
vn -0.0000 0.2162 0.9763
vn -0.0000 -0.7374 -0.6754
vn -0.0000 -0.6754 -0.7375
vn -0.0000 -0.4616 -0.8871
vn -0.0000 0.7374 0.6754
vn -0.0000 0.6754 0.7375
vn -0.0000 0.4616 0.8871
vn -0.0000 -0.7375 -0.6754
vn -0.0000 -0.8871 -0.4616
vn -0.0000 -0.8433 -0.5375
vn -0.0000 -0.6754 -0.7374
vn -0.0000 0.7375 0.6754
vn -0.0000 0.8871 0.4616
vn -0.0000 0.8433 0.5375
vn -0.0000 0.6754 0.7374
vn -0.0000 -0.8871 -0.4615
vn -0.0000 -0.9763 -0.2162
vn -0.0000 -0.9536 -0.3010
vn -0.0000 0.8871 0.4615
vn -0.0000 0.9763 0.2162
vn -0.0000 0.9536 0.3010
vn -0.0000 -0.9764 -0.2162
vn -0.0000 -0.9990 0.0438
vn -0.0000 -0.9990 -0.0439
vn -0.0000 -0.9537 -0.3009
vn -0.0000 0.9764 0.2162
vn -0.0000 0.9990 -0.0438
vn -0.0000 0.9990 0.0439
vn -0.0000 0.9537 0.3009
vn -0.0000 -0.9990 0.0439
vn -0.0000 -0.9537 0.3009
vn -0.0000 -0.9764 0.2162
vn -0.0000 -0.9990 -0.0438
vn -0.0000 0.9990 -0.0439
vn -0.0000 0.9537 -0.3009
vn -0.0000 0.9764 -0.2162
vn -0.0000 0.9990 0.0438
vn -0.0000 -0.9536 0.3010
vn -0.0000 -0.8433 0.5375
vn -0.0000 -0.8871 0.4615
vn -0.0000 -0.9763 0.2162
vn -0.0000 0.9536 -0.3010
vn -0.0000 0.8433 -0.5375
vn -0.0000 0.8871 -0.4615
vn -0.0000 0.9763 -0.2162
vn -0.0000 -0.6754 0.7374
vn -0.0000 -0.7375 0.6754
vn -0.0000 -0.8871 0.4616
vn -0.0000 0.6754 -0.7374
vn -0.0000 0.7375 -0.6754
vn -0.0000 0.8871 -0.4616
vn -0.0000 -0.6754 0.7375
vn -0.0000 -0.4616 0.8871
vn -0.0000 -0.5375 0.8433
vn -0.0000 -0.7374 0.6754
vn -0.0000 0.6754 -0.7375
vn -0.0000 0.4616 -0.8871
vn -0.0000 0.5375 -0.8433
vn -0.0000 0.7374 -0.6754
vn -0.0000 -0.4615 0.8871
vn -0.0000 -0.2162 0.9763
vn -0.0000 -0.3010 0.9536
vn -0.0000 0.4615 -0.8871
vn -0.0000 0.2162 -0.9763
vn -0.0000 0.3010 -0.9536
vn -0.0000 -0.2162 0.9764
vn -0.0000 0.8834 0.4686
vn -0.0000 0.3492 0.9370
vn -0.0000 -0.3009 0.9537
vn -0.0000 0.2162 -0.9764
vn -0.0000 0.9066 -0.4219
vn -0.0000 0.5366 -0.8438
vn 0.0001 0.5366 -0.8438
vn -0.0000 0.3009 -0.9537
vn -0.0000 0.8834 -0.4685
vn -0.0000 0.9067 0.4219
vn -0.0000 0.9067 -0.4219
vn -0.0000 0.8834 0.4685
vt 0.718750 0.187500
vt 0.718750 0.171875
vt 0.750000 0.171875
vt 0.750000 0.187500
vt 0.718750 0.156250
vt 0.750000 0.156250
vt 0.718750 0.140625
vt 0.750000 0.140625
vt 0.718750 0.125000
vt 0.750000 0.125000
vt 0.718750 0.109375
vt 0.750000 0.109375
vt 0.718750 0.093750
vt 0.750000 0.093750
vt 0.718750 0.078125
vt 0.750000 0.078125
vt 0.718750 0.062500
vt 0.750000 0.062500
vt 0.718750 0.046875
vt 0.750000 0.046875
vt 0.718750 0.031250
vt 0.750000 0.031250
vt 0.718750 0.015625
vt 0.750000 0.015625
vt 0.718750 0.000000
vt 0.750000 0.000000
vt 0.750000 0.003906
vt 0.718750 0.003906
s 0
usemtl m_d95e2622-4fc8-fcfa-04be-51915d9de371
f 317/526/792 318/527/793 319/528/794
f 317/526/792 319/528/794 320/529/795
f 321/529/796 322/528/797 323/527/798
f 321/529/799 323/527/798 324/526/800
f 318/527/801 325/530/802 326/531/803
f 318/527/801 326/531/803 319/528/804
f 322/528/805 327/531/806 328/530/807
f 322/528/805 328/530/807 323/527/808
f 325/530/802 329/532/809 330/533/810
f 325/530/802 330/533/810 326/531/811
f 327/531/806 331/533/812 332/532/813
f 327/531/806 332/532/813 328/530/814
f 329/532/815 333/534/816 334/535/817
f 329/532/815 334/535/817 330/533/818
f 331/533/819 335/535/820 336/534/821
f 331/533/819 336/534/821 332/532/822
f 333/534/823 337/536/824 338/537/825
f 333/534/823 338/537/825 334/535/817
f 335/535/826 339/537/827 340/536/828
f 335/535/826 340/536/828 336/534/821
f 337/536/829 341/538/830 342/539/831
f 337/536/829 342/539/831 338/537/832
f 339/537/833 343/539/834 344/538/835
f 339/537/833 344/538/835 340/536/836
f 341/538/837 345/540/838 346/541/839
f 341/538/837 346/541/839 342/539/840
f 343/539/841 347/541/842 348/540/843
f 343/539/841 348/540/843 344/538/844
f 345/540/845 349/542/846 350/543/847
f 345/540/845 350/543/847 346/541/848
f 347/541/849 351/543/850 352/542/851
f 347/541/849 352/542/851 348/540/852
f 349/542/846 353/544/853 354/545/854
f 349/542/846 354/545/854 350/543/855
f 351/543/850 355/545/856 356/544/857
f 351/543/850 356/544/857 352/542/858
f 353/544/859 357/546/860 358/547/861
f 353/544/859 358/547/861 354/545/862
f 355/545/863 359/547/864 360/546/865
f 355/545/863 360/546/865 356/544/866
f 357/546/867 361/548/868 362/549/869
f 357/546/867 362/549/869 358/547/861
f 359/547/870 363/549/871 364/548/872
f 359/547/870 364/548/872 360/546/865
f 361/548/873 365/550/874 366/551/875
f 361/548/873 366/551/875 362/549/876
f 363/549/877 367/551/878 368/550/879
f 363/549/877 368/550/880 364/548/881
f 320/551/882 321/552/799 324/553/883
f 320/551/882 324/553/883 317/550/792
f 367/551/884 366/552/875 365/553/885
f 367/551/884 365/553/885 368/550/879
o mesh
v 3.000000 1.250000 0.500000
v 3.000000 1.250000 -0.500000
v 2.500000 0.000000 0.500000
v 2.500000 -0.000000 -0.500000
v 3.000000 1.500000 0.250000
v 3.000000 1.500000 -0.250000
v 2.500000 1.500000 0.250000
v 2.500000 1.500000 -0.250000
v 3.000000 0.000000 0.500000
v 2.500000 1.250000 0.500000
v 3.000000 -0.000000 -0.500000
v 2.500000 1.250000 -0.500000
vn 1.0000 -0.0000 -0.0000
vn -1.0000 -0.0000 -0.0000
vn -0.0000 1.0000 -0.0000
vn -0.0000 0.7071 0.7071
vn -0.0000 0.7071 -0.7071
vn -0.0000 -0.0000 -1.0000
vn -0.0000 -0.0000 1.0000
vt 0.560547 0.851562
vt 0.529297 0.851562
vt 0.529297 0.773438
vt 0.560547 0.773438
vt 0.591797 0.773438
vt 0.591797 0.851562
vt 0.486328 0.773438
vt 0.486328 0.742188
vt 0.501953 0.742188
vt 0.501953 0.773438
vt 0.480469 0.742188
vt 0.480469 0.773438
vt 0.468750 0.773438
vt 0.468750 0.742188
vt 0.552734 0.867188
vt 0.537109 0.867188
vt 0.507812 0.773438
vt 0.507812 0.742188
vt 0.519531 0.742188
vt 0.519531 0.773438
vt 0.583984 0.867188
vt 0.568359 0.867188
vt 0.468750 0.710938
vt 0.507812 0.710938
s 0
usemtl m_d95e2622-4fc8-fcfa-04be-51915d9de371
f 370/554/886 369/555/886 377/556/886
f 370/554/886 377/556/886 379/557/886
f 371/558/887 378/559/887 380/554/887
f 371/558/887 380/554/887 372/557/887
f 375/560/888 373/561/888 374/562/888
f 375/560/888 374/562/888 376/563/888
f 373/564/889 375/565/889 378/566/889
f 373/564/889 378/566/889 369/567/889
f 374/568/886 373/569/886 369/555/886
f 374/568/886 369/555/886 370/554/886
f 376/570/890 374/571/890 370/572/890
f 376/570/890 370/572/890 380/573/890
f 375/574/887 376/575/887 380/554/887
f 375/574/887 380/554/887 378/559/887
f 377/576/891 378/571/891 369/577/891
f 377/576/892 378/571/892 371/567/892
f 380/567/891 379/577/891 372/571/891
f 379/577/891 380/567/891 370/576/891
o mesh.001
v -3.000000 1.250000 -0.500000
v -3.000000 1.250000 0.500000
v -2.500000 -0.000000 -0.500000
v -2.500000 0.000000 0.500000
v -3.000000 1.500000 -0.250000
v -3.000000 1.500000 0.250000
v -2.500000 1.500000 -0.250000
v -2.500000 1.500000 0.250000
v -3.000000 -0.000000 -0.500000
v -2.500000 1.250000 -0.500000
v -3.000000 0.000000 0.500000
v -2.500000 1.250000 0.500000
vn -1.0000 -0.0000 -0.0000
vn 1.0000 -0.0000 -0.0000
vn -0.0000 1.0000 -0.0000
vn -0.0000 0.7071 -0.7071
vn -0.0000 0.7071 0.7071
vn -0.0000 -0.0000 1.0000
vn -0.0000 -0.0000 -1.0000
vt 0.560547 0.851562
vt 0.529297 0.851562
vt 0.529297 0.773438
vt 0.560547 0.773438
vt 0.591797 0.773438
vt 0.591797 0.851562
vt 0.486328 0.773438
vt 0.486328 0.742188
vt 0.501953 0.742188
vt 0.501953 0.773438
vt 0.480469 0.742188
vt 0.480469 0.773438
vt 0.468750 0.773438
vt 0.468750 0.742188
vt 0.552734 0.867188
vt 0.537109 0.867188
vt 0.507812 0.773438
vt 0.507812 0.742188
vt 0.519531 0.742188
vt 0.519531 0.773438
vt 0.583984 0.867188
vt 0.568359 0.867188
vt 0.468750 0.710938
vt 0.507812 0.710938
s 0
usemtl m_d95e2622-4fc8-fcfa-04be-51915d9de371
f 382/578/893 381/579/893 389/580/893
f 382/578/893 389/580/893 391/581/893
f 383/582/894 390/583/894 392/578/894
f 383/582/894 392/578/894 384/581/894
f 387/584/895 385/585/895 386/586/895
f 387/584/895 386/586/895 388/587/895
f 385/588/896 387/589/896 390/590/896
f 385/588/896 390/590/896 381/591/896
f 386/592/893 385/593/893 381/579/893
f 386/592/893 381/579/893 382/578/893
f 388/594/897 386/595/897 382/596/897
f 388/594/897 382/596/897 392/597/897
f 387/598/894 388/599/894 392/578/894
f 387/598/894 392/578/894 390/583/894
f 389/600/898 390/595/898 381/601/898
f 389/600/899 390/595/899 383/591/899
f 392/591/898 391/601/898 384/595/898
f 391/601/898 392/591/898 382/600/898
o OuterCover
v 0.916716 0.000000 2.213147
v 0.885479 -0.614695 2.137736
v 1.408594 -0.614695 1.835716
v 1.458284 0.000000 1.900473
v 0.793899 -1.187500 1.916642
v 1.262911 -1.187500 1.645858
v 0.648216 -1.679379 1.564932
v 1.031163 -1.679379 1.343838
v 0.500000 -2.056811 1.106574
v 0.729142 -2.056811 0.950236
v 1.835716 -0.614695 1.408594
v 1.900473 0.000000 1.458284
v 1.645858 -1.187500 1.262911
v 1.343837 -1.679379 1.031163
v 0.950236 -2.056811 0.729142
v 0.491879 -2.294074 0.377432
v 2.137736 -0.614695 0.885479
v 2.213147 0.000000 0.916716
v 1.916642 -1.187500 0.793899
v 1.564932 -1.679379 0.648216
v 1.106574 -2.056811 0.458358
v 0.572805 -2.294074 0.237264
v 2.294074 -0.614695 0.302021
v 2.375000 0.000000 0.312674
v 2.056811 -1.187500 0.270784
v 1.679379 -1.679379 0.221095
v 1.187500 -2.056811 0.156338
v 0.614695 -2.294074 0.080926
v 2.294074 -0.614695 -0.302021
v 2.375000 -0.000000 -0.312674
v 2.056811 -1.187500 -0.270784
v 1.679379 -1.679379 -0.221094
v 1.187500 -2.056811 -0.156337
v 0.614695 -2.294074 -0.080926
v 2.137736 -0.614695 -0.885479
v 2.213147 -0.000000 -0.916716
v 1.916642 -1.187500 -0.793899
v 1.564932 -1.679379 -0.648216
v 1.106574 -2.056811 -0.458358
v 0.572805 -2.294074 -0.237264
v 1.835716 -0.614695 -1.408594
v 1.900473 -0.000000 -1.458284
v 1.645858 -1.187500 -1.262911
v 1.343837 -1.679379 -1.031162
v 0.950236 -2.056811 -0.729142
v 0.500000 -2.294074 -0.377432
v 1.408594 -0.614695 -1.835716
v 1.458284 -0.000000 -1.900473
v 1.262911 -1.187500 -1.645858
v 1.031163 -1.679379 -1.343837
v 0.729142 -2.056811 -0.950236
v 0.885479 -0.614695 -2.137736
v 0.916716 -0.000000 -2.213147
v 0.793899 -1.187500 -1.916642
v 0.648216 -1.679379 -1.564932
v 0.500000 -2.056811 -1.106574
v -0.916716 -0.000000 -2.213147
v -0.885479 -0.614695 -2.137736
v -1.408594 -0.614695 -1.835716
v -1.458284 -0.000000 -1.900473
v -0.793899 -1.187500 -1.916642
v -1.262911 -1.187500 -1.645858
v -0.648216 -1.679379 -1.564932
v -1.031163 -1.679379 -1.343837
v -0.500000 -2.056811 -1.106574
v -0.729142 -2.056811 -0.950236
v -1.835716 -0.614695 -1.408594
v -1.900473 -0.000000 -1.458284
v -1.645858 -1.187500 -1.262911
v -1.343837 -1.679379 -1.031162
v -0.950236 -2.056811 -0.729142
v -0.500000 -2.294074 -0.377432
v -2.137736 -0.614695 -0.885479
v -2.213147 -0.000000 -0.916716
v -1.916642 -1.187500 -0.793899
v -1.564932 -1.679379 -0.648216
v -1.106574 -2.056811 -0.458358
v -0.572805 -2.294074 -0.237264
v -0.500000 -2.312500 0.000000
v -2.294074 -0.614695 -0.302021
v -2.375000 -0.000000 -0.312674
v -2.056811 -1.187500 -0.270784
v -1.679379 -1.679379 -0.221094
v -1.187500 -2.056811 -0.156337
v -0.614695 -2.294074 -0.080926
v -2.294074 -0.614695 0.302021
v -2.375000 0.000000 0.312674
v -2.056811 -1.187500 0.270784
v -1.679379 -1.679379 0.221095
v -1.187500 -2.056811 0.156338
v -0.614695 -2.294074 0.080926
v -2.137736 -0.614695 0.885479
v -2.213147 0.000000 0.916716
v -1.916642 -1.187500 0.793899
v -1.564932 -1.679379 0.648216
v -1.106574 -2.056811 0.458358
v -0.572805 -2.294074 0.237264
v -1.835716 -0.614695 1.408594
v -1.900473 0.000000 1.458284
v -1.645858 -1.187500 1.262911
v -1.343837 -1.679379 1.031163
v -0.950236 -2.056811 0.729142
v -0.491879 -2.294074 0.377432
v -1.408594 -0.614695 1.835716
v -1.458284 0.000000 1.900473
v -1.262911 -1.187500 1.645858
v -1.031163 -1.679379 1.343838
v -0.729142 -2.056811 0.950236
v -0.885479 -0.614695 2.137736
v -0.916716 0.000000 2.213147
v -0.793899 -1.187500 1.916642
v -0.648216 -1.679379 1.564932
v -0.500000 -2.056811 1.106574
v 0.500000 0.000000 2.328125
v 0.500000 -0.614695 2.247199
v 0.500000 -1.187500 2.025561
v 0.500000 -1.679379 1.648129
v -0.500000 -0.614695 2.247199
v -0.500000 0.000000 2.328125
v -0.500000 -1.187500 2.025561
v -0.500000 -1.679379 1.648129
v 0.500000 -0.614695 -2.247199
v 0.500000 -0.000000 -2.328125
v 0.500000 -1.187500 -2.025561
v 0.500000 -1.679379 -1.648129
v -0.500000 -0.000000 -2.328125
v -0.500000 -0.614695 -2.247199
v -0.500000 -1.187500 -2.025561
v -0.500000 -1.679379 -1.648129
v 0.500000 -2.312500 0.000000
v -0.500000 -0.614695 -2.247199
v -0.500000 -0.000000 -2.328125
v -0.500000 0.000000 0.000000
v -0.500000 -1.187500 -2.025561
v -0.500000 -1.679379 -1.648129
v -0.500000 -2.056811 -1.106574
v -0.500000 -2.294074 -0.377432
v -0.500000 -2.312500 0.000000
v -0.491879 -2.294074 0.377432
v -0.500000 -2.056811 1.106574
v -0.500000 -1.679379 1.648129
v -0.500000 -1.187500 2.025561
v -0.500000 -0.614695 2.247199
v -0.500000 0.000000 2.328125
v 0.500000 0.000000 2.328125
v 0.500000 0.000000 0.000000
v 0.500000 -0.614695 2.247199
v 0.500000 -1.187500 2.025561
v 0.500000 -1.679379 1.648129
v 0.500000 -2.056811 1.106574
v 0.491879 -2.294074 0.377432
v 0.500000 -2.312500 0.000000
v 0.500000 -2.294074 -0.377432
v 0.500000 -2.056811 -1.106574
v 0.500000 -1.679379 -1.648129
v 0.500000 -1.187500 -2.025561
v 0.500000 -0.614695 -2.247199
v 0.500000 -0.000000 -2.328125
vn 0.4214 -0.1315 0.8973
vn 0.3737 -0.2600 0.8903
vn 0.5865 -0.2609 0.7668
vn 0.6373 -0.1315 0.7593
vn 0.3737 -0.2601 0.8903
vn 0.3564 -0.4961 0.7918
vn 0.5238 -0.5032 0.6874
vn 0.3564 -0.4961 0.7917
vn 0.3444 -0.6949 0.6312
vn 0.4254 -0.7101 0.5611
vn 0.5237 -0.5033 0.6873
vn 0.2922 -0.8380 0.4608
vn 0.3170 -0.8528 0.4150
vn 0.3444 -0.6950 0.6312
vn 0.4254 -0.7101 0.5610
vn 0.6374 -0.1315 0.7592
vn 0.7650 -0.2609 0.5889
vn 0.8121 -0.1315 0.5685
vn 0.5238 -0.5032 0.6873
vn 0.6838 -0.5032 0.5284
vn 0.5238 -0.5033 0.6873
vn 0.5561 -0.7101 0.4318
vn 0.6838 -0.5033 0.5284
vn 0.4254 -0.7102 0.5610
vn 0.3911 -0.8678 0.3064
vn 0.3170 -0.8529 0.4149
vn 0.2257 -0.9523 0.2052
vn 0.3911 -0.8679 0.3063
vn 0.8122 -0.1315 0.5684
vn 0.7650 -0.2609 0.5888
vn 0.8913 -0.2609 0.3708
vn 0.9316 -0.1315 0.3389
vn 0.6838 -0.5032 0.5283
vn 0.7973 -0.5032 0.3334
vn 0.6838 -0.5033 0.5283
vn 0.6489 -0.7101 0.2732
vn 0.7972 -0.5033 0.3334
vn 0.5561 -0.7102 0.4318
vn 0.3911 -0.8679 0.3064
vn 0.4571 -0.8678 0.1947
vn 0.2258 -0.9523 0.2052
vn 0.2532 -0.9606 0.1147
vn 0.2532 -0.9606 0.1148
vn 0.4570 -0.8679 0.1947
vn 0.9316 -0.1315 0.3388
vn 0.9569 -0.2609 0.1275
vn 0.9876 -0.1315 0.0862
vn 0.8564 -0.5032 0.1157
vn 0.7973 -0.5033 0.3333
vn 0.6975 -0.7101 0.0959
vn 0.8564 -0.5033 0.1157
vn 0.6489 -0.7102 0.2731
vn 0.4571 -0.8679 0.1947
vn 0.4919 -0.8678 0.0698
vn 0.2851 -0.9573 0.0472
vn 0.4918 -0.8679 0.0698
vn 0.9569 -0.2609 0.1274
vn 0.9573 -0.2609 -0.1245
vn 0.9762 -0.1315 -0.1723
vn 0.8564 -0.5032 0.1156
vn 0.8571 -0.5032 -0.1099
vn 0.8572 -0.5032 -0.1099
vn 0.8564 -0.5033 0.1156
vn 0.6986 -0.7101 -0.0879
vn 0.8571 -0.5033 -0.1099
vn 0.6975 -0.7102 0.0959
vn 0.4919 -0.8679 0.0698
vn 0.4932 -0.8678 -0.0599
vn 0.6986 -0.7101 -0.0878
vn 0.2877 -0.9573 -0.0272
vn 0.4931 -0.8679 -0.0599
vn 0.9762 -0.1315 -0.1724
vn 0.9573 -0.2609 -0.1246
vn 0.8925 -0.2609 -0.3680
vn 0.8984 -0.1315 -0.4191
vn 0.8571 -0.5032 -0.1100
vn 0.7995 -0.5032 -0.3280
vn 0.8571 -0.5033 -0.1100
vn 0.6520 -0.7101 -0.2657
vn 0.7995 -0.5033 -0.3280
vn 0.6985 -0.7102 -0.0879
vn 0.4932 -0.8679 -0.0599
vn 0.4625 -0.8675 -0.1832
vn 0.6520 -0.7101 -0.2656
vn 0.2878 -0.9573 -0.0272
vn 0.2634 -0.9602 -0.0925
vn 0.8983 -0.1315 -0.4192
vn 0.8924 -0.2609 -0.3681
vn 0.7668 -0.2609 -0.5865
vn 0.7593 -0.1315 -0.6373
vn 0.6874 -0.5032 -0.5238
vn 0.7994 -0.5033 -0.3281
vn 0.5611 -0.7101 -0.4254
vn 0.6873 -0.5033 -0.5237
vn 0.6520 -0.7102 -0.2657
vn 0.4229 -0.8536 -0.3042
vn 0.5610 -0.7101 -0.4254
vn 0.2514 -0.9469 -0.2004
vn 0.4228 -0.8536 -0.3042
vn 0.7592 -0.1315 -0.6374
vn 0.5889 -0.2609 -0.7650
vn 0.5685 -0.1315 -0.8121
vn 0.6873 -0.5032 -0.5238
vn 0.5284 -0.5032 -0.6838
vn 0.6873 -0.5033 -0.5238
vn 0.4392 -0.7076 -0.5535
vn 0.5284 -0.5033 -0.6838
vn 0.5610 -0.7102 -0.4254
vn 0.3397 -0.8553 -0.3913
vn 0.3397 -0.8553 -0.3912
vn 0.4391 -0.7077 -0.5535
vn 0.5684 -0.1315 -0.8122
vn 0.5888 -0.2609 -0.7650
vn 0.3889 -0.2550 -0.8853
vn 0.3459 -0.1300 -0.9292
vn 0.5283 -0.5032 -0.6838
vn 0.3892 -0.4972 -0.7755
vn 0.3892 -0.4972 -0.7754
vn 0.5283 -0.5033 -0.6838
vn 0.4391 -0.7076 -0.5536
vn 0.3625 -0.6824 -0.6347
vn 0.2940 -0.8287 -0.4763
vn 0.3625 -0.6825 -0.6347
vn -0.4214 -0.1315 -0.8973
vn -0.3737 -0.2600 -0.8903
vn -0.5865 -0.2609 -0.7668
vn -0.6373 -0.1315 -0.7593
vn -0.3737 -0.2601 -0.8903
vn -0.3564 -0.4961 -0.7918
vn -0.5238 -0.5032 -0.6874
vn -0.3564 -0.4961 -0.7917
vn -0.3444 -0.6949 -0.6312
vn -0.4254 -0.7101 -0.5611
vn -0.5237 -0.5033 -0.6873
vn -0.2927 -0.8375 -0.4615
vn -0.3177 -0.8522 -0.4158
vn -0.3444 -0.6950 -0.6312
vn -0.4254 -0.7101 -0.5610
vn -0.6374 -0.1315 -0.7592
vn -0.7650 -0.2609 -0.5889
vn -0.8121 -0.1315 -0.5685
vn -0.5238 -0.5032 -0.6873
vn -0.6838 -0.5032 -0.5284
vn -0.5238 -0.5033 -0.6873
vn -0.5561 -0.7101 -0.4318
vn -0.6838 -0.5033 -0.5284
vn -0.4254 -0.7102 -0.5610
vn -0.3177 -0.8522 -0.4157
vn -0.3938 -0.8672 -0.3048
vn -0.3939 -0.8672 -0.3048
vn -0.3176 -0.8522 -0.4157
vn -0.2318 -0.9514 -0.2029
vn -0.3938 -0.8672 -0.3047
vn -0.8122 -0.1315 -0.5684
vn -0.7650 -0.2609 -0.5888
vn -0.8913 -0.2609 -0.3708
vn -0.9316 -0.1315 -0.3389
vn -0.6838 -0.5032 -0.5283
vn -0.7973 -0.5032 -0.3334
vn -0.6838 -0.5033 -0.5283
vn -0.6489 -0.7101 -0.2732
vn -0.7972 -0.5033 -0.3334
vn -0.5561 -0.7102 -0.4318
vn -0.4571 -0.8678 -0.1947
vn -0.2319 -0.9514 -0.2029
vn -0.2572 -0.9599 -0.1119
vn -0.4570 -0.8679 -0.1947
vn -0.2571 -0.9599 -0.1119
vn -0.2318 -0.9514 -0.2028
vn -0.1215 -0.9926 0.0004
vn -0.9316 -0.1315 -0.3388
vn -0.9569 -0.2609 -0.1275
vn -0.9876 -0.1315 -0.0862
vn -0.8564 -0.5032 -0.1157
vn -0.7973 -0.5033 -0.3333
vn -0.6975 -0.7101 -0.0959
vn -0.8564 -0.5033 -0.1157
vn -0.6489 -0.7102 -0.2731
vn -0.4571 -0.8679 -0.1947
vn -0.4919 -0.8678 -0.0698
vn -0.2851 -0.9573 -0.0472
vn -0.4918 -0.8679 -0.0698
vn -0.2850 -0.9574 -0.0472
vn -0.1216 -0.9926 0.0004
vn -0.9569 -0.2609 -0.1274
vn -0.9573 -0.2609 0.1245
vn -0.9762 -0.1315 0.1723
vn -0.8564 -0.5032 -0.1156
vn -0.8571 -0.5032 0.1099
vn -0.8572 -0.5032 0.1099
vn -0.8564 -0.5033 -0.1156
vn -0.6986 -0.7101 0.0879
vn -0.8571 -0.5033 0.1099
vn -0.6975 -0.7102 -0.0959
vn -0.4919 -0.8679 -0.0698
vn -0.4932 -0.8678 0.0599
vn -0.6986 -0.7101 0.0878
vn -0.2877 -0.9573 0.0272
vn -0.4931 -0.8679 0.0599
vn -0.2851 -0.9573 -0.0471
vn -0.9762 -0.1315 0.1724
vn -0.9573 -0.2609 0.1246
vn -0.8925 -0.2609 0.3680
vn -0.8984 -0.1315 0.4191
vn -0.8571 -0.5032 0.1100
vn -0.7995 -0.5032 0.3280
vn -0.8571 -0.5033 0.1100
vn -0.6520 -0.7101 0.2657
vn -0.7995 -0.5033 0.3280
vn -0.6985 -0.7102 0.0879
vn -0.4932 -0.8679 0.0599
vn -0.4609 -0.8678 0.1855
vn -0.6520 -0.7101 0.2656
vn -0.2878 -0.9573 0.0272
vn -0.2609 -0.9606 0.0961
vn -0.4608 -0.8679 0.1855
vn -0.2608 -0.9606 0.0961
vn -0.8983 -0.1315 0.4192
vn -0.8924 -0.2609 0.3681
vn -0.7668 -0.2609 0.5865
vn -0.7593 -0.1315 0.6373
vn -0.6874 -0.5032 0.5238
vn -0.7994 -0.5033 0.3281
vn -0.5611 -0.7101 0.4254
vn -0.6873 -0.5033 0.5237
vn -0.6520 -0.7102 0.2657
vn -0.4609 -0.8679 0.1855
vn -0.4218 -0.8544 0.3034
vn -0.5610 -0.7101 0.4254
vn -0.2473 -0.9475 0.2026
vn -0.4217 -0.8545 0.3033
vn -0.7592 -0.1315 0.6374
vn -0.5889 -0.2609 0.7650
vn -0.5685 -0.1315 0.8121
vn -0.6873 -0.5032 0.5238
vn -0.5284 -0.5032 0.6838
vn -0.6873 -0.5033 0.5238
vn -0.4392 -0.7076 0.5535
vn -0.5284 -0.5033 0.6838
vn -0.5610 -0.7102 0.4254
vn -0.3390 -0.8559 0.3905
vn -0.3391 -0.8559 0.3905
vn -0.4391 -0.7077 0.5535
vn -0.4217 -0.8545 0.3034
vn -0.3390 -0.8560 0.3904
vn -0.5684 -0.1315 0.8122
vn -0.5888 -0.2609 0.7650
vn -0.3889 -0.2550 0.8853
vn -0.3459 -0.1300 0.9292
vn -0.5283 -0.5032 0.6838
vn -0.3892 -0.4972 0.7755
vn -0.3892 -0.4972 0.7754
vn -0.5283 -0.5033 0.6838
vn -0.4391 -0.7076 0.5536
vn -0.3625 -0.6824 0.6347
vn -0.2937 -0.8290 0.4758
vn -0.2937 -0.8290 0.4759
vn -0.3625 -0.6825 0.6347
vn 0.2674 -0.1281 0.9550
vn 0.2854 -0.2854 0.9149
vn 0.3737 -0.2600 0.8904
vn 0.4213 -0.1315 0.8973
vn 0.2855 -0.2855 0.9149
vn 0.3398 -0.5084 0.7912
vn 0.2854 -0.2855 0.9149
vn 0.3563 -0.4961 0.7918
vn 0.3737 -0.2601 0.8904
vn 0.3398 -0.5085 0.7912
vn 0.3605 -0.6765 0.6422
vn 0.3444 -0.6949 0.6313
vn 0.3563 -0.4962 0.7917
vn 0.3604 -0.6766 0.6421
vn 0.2922 -0.8380 0.4609
vn -0.3458 -0.1300 0.9293
vn -0.2651 -0.2030 0.9426
vn -0.2639 -0.1259 0.9563
vn -0.2884 -0.4427 0.8490
vn -0.2651 -0.2031 0.9426
vn -0.3282 -0.6641 0.6717
vn -0.3282 -0.6642 0.6717
vn 0.3458 -0.1300 -0.9293
vn 0.2651 -0.2030 -0.9426
vn 0.2639 -0.1259 -0.9563
vn 0.2884 -0.4427 -0.8490
vn 0.2651 -0.2031 -0.9426
vn 0.3282 -0.6641 -0.6717
vn 0.3282 -0.6642 -0.6717
vn -0.2674 -0.1281 -0.9550
vn -0.2854 -0.2854 -0.9149
vn -0.3737 -0.2600 -0.8904
vn -0.4213 -0.1315 -0.8973
vn -0.2855 -0.2855 -0.9149
vn -0.3398 -0.5084 -0.7912
vn -0.2854 -0.2855 -0.9149
vn -0.3563 -0.4961 -0.7918
vn -0.3737 -0.2601 -0.8904
vn -0.3398 -0.5085 -0.7912
vn -0.3605 -0.6765 -0.6422
vn -0.3444 -0.6949 -0.6313
vn -0.3563 -0.4962 -0.7917
vn -0.2926 -0.8375 -0.4614
vn -0.3604 -0.6766 -0.6421
vn 0.2940 -0.8287 -0.4762
vn 0.2513 -0.9469 -0.2004
vn -0.2926 -0.8376 -0.4614
vn -0.2937 -0.8291 0.4758
vn 0.2531 -0.9606 0.1147
vn 0.1215 -0.9926 0.0004
vn 0.2850 -0.9574 0.0472
vn 0.1216 -0.9926 0.0004
vn 0.2851 -0.9573 0.0471
vn 0.2634 -0.9603 -0.0925
vn 0.2633 -0.9603 -0.0925
vn 1.0000 -0.0000 -0.0000
vn 1.0000 0.0004 -0.0010
vn 1.0000 0.0004 -0.0011
vn 0.9999 -0.0000 -0.0107
vn 0.9999 -0.0000 -0.0108
vn 1.0000 0.0025 -0.0060
vn 1.0000 0.0026 -0.0060
vn 1.0000 0.0026 0.0048
vn 1.0000 0.0025 0.0047
vn -1.0000 -0.0000 -0.0000
vn -1.0000 0.0004 -0.0010
vn -1.0000 0.0025 0.0047
vn -1.0000 0.0026 0.0048
vn -1.0000 0.0025 -0.0060
vn -0.9999 -0.0000 -0.0108
vn -0.9999 -0.0000 -0.0107
vn -1.0000 0.0004 -0.0011
vt 0.429688 0.765625
vt 0.429688 0.804688
vt 0.449219 0.804688
vt 0.449219 0.765625
vt 0.429688 0.843750
vt 0.449219 0.843750
vt 0.431641 0.882812
vt 0.447266 0.882812
vt 0.433594 0.921875
vt 0.445312 0.921875
vt 0.410156 0.765625
vt 0.410156 0.804688
vt 0.410156 0.843750
vt 0.412109 0.882812
vt 0.427734 0.882812
vt 0.414062 0.921875
vt 0.425781 0.921875
vt 0.419922 0.960938
vt 0.390625 0.765625
vt 0.390625 0.804688
vt 0.390625 0.843750
vt 0.392578 0.882812
vt 0.408203 0.882812
vt 0.394531 0.921875
vt 0.406250 0.921875
vt 0.396484 0.960938
vt 0.404297 0.960938
vt 0.371094 0.765625
vt 0.371094 0.804688
vt 0.371094 0.843750
vt 0.373047 0.882812
vt 0.388672 0.882812
vt 0.375000 0.921875
vt 0.386719 0.921875
vt 0.376953 0.960938
vt 0.384766 0.960938
vt 0.351562 0.765625
vt 0.351562 0.804688
vt 0.351562 0.843750
vt 0.353516 0.882812
vt 0.369141 0.882812
vt 0.355469 0.921875
vt 0.367188 0.921875
vt 0.357422 0.960938
vt 0.365234 0.960938
vt 0.332031 0.765625
vt 0.332031 0.804688
vt 0.332031 0.843750
vt 0.333984 0.882812
vt 0.349609 0.882812
vt 0.335938 0.921875
vt 0.347656 0.921875
vt 0.337891 0.960938
vt 0.345703 0.960938
vt 0.312500 0.765625
vt 0.312500 0.804688
vt 0.312500 0.843750
vt 0.314453 0.882812
vt 0.330078 0.882812
vt 0.316406 0.921875
vt 0.328125 0.921875
vt 0.318359 0.960938
vt 0.326172 0.960938
vt 0.292969 0.765625
vt 0.292969 0.804688
vt 0.292969 0.843750
vt 0.294922 0.882812
vt 0.310547 0.882812
vt 0.296875 0.921875
vt 0.308594 0.921875
vt 0.302734 0.960938
vt 0.273438 0.765625
vt 0.273438 0.804688
vt 0.273438 0.843750
vt 0.275391 0.882812
vt 0.291016 0.882812
vt 0.277344 0.921875
vt 0.289062 0.921875
vt 0.175781 0.765625
vt 0.175781 0.804688
vt 0.195312 0.804688
vt 0.195312 0.765625
vt 0.175781 0.843750
vt 0.195312 0.843750
vt 0.177734 0.882812
vt 0.193359 0.882812
vt 0.179688 0.921875
vt 0.191406 0.921875
vt 0.156250 0.765625
vt 0.156250 0.804688
vt 0.156250 0.843750
vt 0.158203 0.882812
vt 0.173828 0.882812
vt 0.160156 0.921875
vt 0.171875 0.921875
vt 0.166016 0.960938
vt 0.136719 0.765625
vt 0.136719 0.804688
vt 0.136719 0.843750
vt 0.138672 0.882812
vt 0.154297 0.882812
vt 0.140625 0.921875
vt 0.152344 0.921875
vt 0.142578 0.960938
vt 0.150391 0.960938
vt 0.146484 1.000000
vt 0.117188 0.765625
vt 0.117188 0.804688
vt 0.117188 0.843750
vt 0.119141 0.882812
vt 0.134766 0.882812
vt 0.121094 0.921875
vt 0.132812 0.921875
vt 0.123047 0.960938
vt 0.130859 0.960938
vt 0.126953 1.000000
vt 0.097656 0.765625
vt 0.097656 0.804688
vt 0.097656 0.843750
vt 0.099609 0.882812
vt 0.115234 0.882812
vt 0.101562 0.921875
vt 0.113281 0.921875
vt 0.103516 0.960938
vt 0.111328 0.960938
vt 0.107422 1.000000
vt 0.078125 0.765625
vt 0.078125 0.804688
vt 0.078125 0.843750
vt 0.080078 0.882812
vt 0.095703 0.882812
vt 0.082031 0.921875
vt 0.093750 0.921875
vt 0.083984 0.960938
vt 0.091797 0.960938
vt 0.087891 1.000000
vt 0.058594 0.765625
vt 0.058594 0.804688
vt 0.058594 0.843750
vt 0.060547 0.882812
vt 0.076172 0.882812
vt 0.062500 0.921875
vt 0.074219 0.921875
vt 0.064453 0.960938
vt 0.072266 0.960938
vt 0.068359 1.000000
vt 0.039062 0.765625
vt 0.039062 0.804688
vt 0.039062 0.843750
vt 0.041016 0.882812
vt 0.056641 0.882812
vt 0.042969 0.921875
vt 0.054688 0.921875
vt 0.048828 0.960938
vt 0.019531 0.765625
vt 0.019531 0.804688
vt 0.019531 0.843750
vt 0.021484 0.882812
vt 0.037109 0.882812
vt 0.023438 0.921875
vt 0.035156 0.921875
vt 0.468750 0.804688
vt 0.468750 0.765625
vt 0.451172 0.843750
vt 0.468750 0.843750
vt 0.455078 0.882812
vt 0.468750 0.882812
vt 0.468750 0.921875
vt 0.000000 0.765625
vt 0.000000 0.804688
vt 0.000000 0.843750
vt 0.017578 0.843750
vt 0.000000 0.882812
vt 0.013672 0.882812
vt 0.000000 0.921875
vt 0.253906 0.765625
vt 0.253906 0.804688
vt 0.253906 0.843750
vt 0.271484 0.843750
vt 0.253906 0.882812
vt 0.267578 0.882812
vt 0.253906 0.921875
vt 0.214844 0.804688
vt 0.214844 0.765625
vt 0.197266 0.843750
vt 0.214844 0.843750
vt 0.201172 0.882812
vt 0.214844 0.882812
vt 0.214844 0.917969
vt 0.283203 0.960938
vt 0.185547 0.960938
vt 0.439453 0.960938
vt 0.029297 0.960938
vt 0.400391 1.000000
vt 0.380859 1.000000
vt 0.361328 1.000000
vt 0.341797 1.000000
vt 0.322266 1.000000
vt 0.488281 0.468750
vt 0.468750 0.468750
vt 0.478516 0.324219
vt 0.498047 0.324219
vt 0.507812 0.468750
vt 0.515625 0.324219
vt 0.527344 0.468750
vt 0.537109 0.324219
vt 0.546875 0.468750
vt 0.558594 0.324219
vt 0.570312 0.468750
vt 0.582031 0.324219
vt 0.582031 0.468750
vt 0.593750 0.468750
vt 0.605469 0.324219
vt 0.617188 0.468750
vt 0.626953 0.324219
vt 0.636719 0.468750
vt 0.646484 0.324219
vt 0.656250 0.468750
vt 0.666016 0.324219
vt 0.675781 0.468750
vt 0.685547 0.324219
vt 0.695312 0.468750
s 0
usemtl m_d95e2622-4fc8-fcfa-04be-51915d9de371
f 393/602/900 394/603/901 395/604/902
f 393/602/900 395/604/902 396/605/903
f 394/603/904 397/606/905 398/607/906
f 394/603/904 398/607/906 395/604/902
f 397/606/907 399/608/908 400/609/909
f 397/606/907 400/609/909 398/607/910
f 399/608/908 401/610/911 402/611/912
f 399/608/913 402/611/912 400/609/914
f 396/612/915 395/613/902 403/603/916
f 396/612/915 403/603/916 404/602/917
f 395/613/902 398/614/918 405/606/919
f 395/613/902 405/606/919 403/603/916
f 398/614/920 400/615/914 406/616/921
f 398/614/920 406/616/921 405/606/922
f 400/615/923 402/617/912 407/618/924
f 400/615/923 407/618/924 406/616/921
f 402/617/925 408/619/926 407/618/927
f 404/620/928 403/621/929 409/613/930
f 404/620/928 409/613/930 410/612/931
f 403/621/929 405/622/932 411/614/933
f 403/621/929 411/614/933 409/613/930
f 405/622/934 406/623/921 412/624/935
f 405/622/934 412/624/935 411/614/936
f 406/623/937 407/625/938 413/626/939
f 406/623/937 413/626/939 412/624/935
f 407/625/927 408/627/940 414/628/941
f 407/625/927 414/628/942 413/626/943
f 410/629/944 409/630/930 415/621/945
f 410/629/944 415/621/945 416/620/946
f 409/630/930 411/631/933 417/622/947
f 409/630/930 417/622/947 415/621/945
f 411/631/948 412/632/935 418/633/949
f 411/631/948 418/633/949 417/622/950
f 412/632/951 413/634/952 419/635/953
f 412/632/951 419/635/953 418/633/949
f 413/634/952 414/636/941 420/637/954
f 413/634/952 420/637/954 419/635/955
f 416/638/946 415/639/956 421/630/957
f 416/638/946 421/630/957 422/629/958
f 415/639/945 417/640/959 423/631/960
f 415/639/945 423/631/961 421/630/957
f 417/640/962 418/641/949 424/642/963
f 417/640/962 424/642/963 423/631/964
f 418/641/965 419/643/966 425/644/967
f 418/641/965 425/644/967 424/642/968
f 419/643/966 420/645/954 426/646/969
f 419/643/966 426/646/969 425/644/970
f 422/647/971 421/648/972 427/639/973
f 422/647/971 427/639/973 428/638/974
f 421/648/957 423/649/975 429/640/976
f 421/648/972 429/640/976 427/639/973
f 423/649/977 424/650/963 430/651/978
f 423/649/977 430/651/978 429/640/979
f 424/650/980 425/652/981 431/653/982
f 424/650/980 431/653/982 430/651/983
f 425/652/981 426/654/984 432/655/985
f 425/652/981 432/655/985 431/653/982
f 428/656/986 427/657/987 433/648/988
f 428/656/986 433/648/988 434/647/989
f 427/657/987 429/658/976 435/649/990
f 427/657/987 435/649/990 433/648/988
f 429/658/991 430/659/978 436/660/992
f 429/658/991 436/660/992 435/649/993
f 430/659/994 431/661/982 437/662/995
f 430/659/994 437/662/995 436/660/996
f 431/661/982 432/663/985 438/664/997
f 431/661/982 438/664/997 437/662/998
f 434/665/999 433/666/988 439/657/1000
f 434/665/999 439/657/1000 440/656/1001
f 433/666/988 435/667/1002 441/658/1003
f 433/666/988 441/658/1003 439/657/1000
f 435/667/1004 436/668/996 442/669/1005
f 435/667/1004 442/669/1005 441/658/1006
f 436/668/1007 437/670/998 443/671/1008
f 436/668/1007 443/671/1009 442/669/1010
f 437/670/998 438/672/997 443/671/1009
f 440/673/1011 439/674/1012 444/666/1013
f 440/673/1011 444/666/1013 445/665/1014
f 439/674/1012 441/675/1015 446/667/1016
f 439/674/1012 446/667/1017 444/666/1013
f 441/675/1018 442/676/1019 447/677/1020
f 441/675/1018 447/677/1020 446/667/1017
f 442/676/1010 443/678/1008 448/679/1021
f 442/676/1010 448/679/1021 447/677/1022
f 449/680/1023 450/681/1024 451/682/1025
f 449/680/1023 451/682/1025 452/683/1026
f 450/681/1027 453/684/1028 454/685/1029
f 450/681/1027 454/685/1029 451/682/1025
f 453/684/1030 455/686/1031 456/687/1032
f 453/684/1030 456/687/1032 454/685/1033
f 455/686/1031 457/688/1034 458/689/1035
f 455/686/1036 458/689/1035 456/687/1037
f 452/690/1038 451/691/1025 459/681/1039
f 452/690/1038 459/681/1039 460/680/1040
f 451/691/1025 454/692/1041 461/684/1042
f 451/691/1025 461/684/1042 459/681/1039
f 454/692/1043 456/693/1037 462/694/1044
f 454/692/1043 462/694/1044 461/684/1045
f 456/693/1046 458/695/1047 463/696/1048
f 456/693/1046 463/696/1049 462/694/1044
f 458/695/1050 464/697/1051 463/696/1052
f 460/698/1053 459/699/1054 465/691/1055
f 460/698/1053 465/691/1055 466/690/1056
f 459/699/1054 461/700/1057 467/692/1058
f 459/699/1054 467/692/1058 465/691/1055
f 461/700/1059 462/701/1044 468/702/1060
f 461/700/1059 468/702/1060 467/692/1061
f 462/701/1062 463/703/1049 469/704/1063
f 462/701/1062 469/704/1063 468/702/1060
f 463/703/1052 464/705/1064 470/706/1065
f 463/703/1052 470/706/1065 469/704/1066
f 470/706/1067 464/705/1068 471/707/1069
f 466/708/1070 465/709/1055 472/699/1071
f 466/708/1070 472/699/1071 473/698/1072
f 465/709/1055 467/710/1058 474/700/1073
f 465/709/1055 474/700/1073 472/699/1071
f 467/710/1074 468/711/1060 475/712/1075
f 467/710/1074 475/712/1075 474/700/1076
f 468/711/1077 469/713/1078 476/714/1079
f 468/711/1077 476/714/1079 475/712/1075
f 469/713/1078 470/715/1065 477/716/1080
f 469/713/1078 477/716/1080 476/714/1081
f 477/716/1082 470/715/1067 471/717/1083
f 473/718/1072 472/719/1084 478/709/1085
f 473/718/1072 478/709/1085 479/708/1086
f 472/719/1071 474/720/1087 480/710/1088
f 472/719/1071 480/710/1089 478/709/1085
f 474/720/1090 475/721/1075 481/722/1091
f 474/720/1090 481/722/1091 480/710/1092
f 475/721/1093 476/723/1094 482/724/1095
f 475/721/1093 482/724/1095 481/722/1096
f 476/723/1094 477/725/1080 483/726/1097
f 476/723/1094 483/726/1097 482/724/1098
f 483/726/1097 477/725/1099 471/727/1083
f 479/728/1100 478/729/1101 484/719/1102
f 479/728/1100 484/719/1102 485/718/1103
f 478/729/1085 480/730/1104 486/720/1105
f 478/729/1101 486/720/1105 484/719/1102
f 480/730/1106 481/731/1091 487/732/1107
f 480/730/1106 487/732/1107 486/720/1108
f 481/731/1109 482/733/1110 488/734/1111
f 481/731/1109 488/734/1111 487/732/1112
f 482/733/1110 483/735/1113 489/736/1114
f 482/733/1110 489/736/1114 488/734/1115
f 489/736/1116 483/735/1097 471/737/1083
f 485/738/1117 484/739/1118 490/729/1119
f 485/738/1117 490/729/1119 491/728/1120
f 484/739/1118 486/740/1105 492/730/1121
f 484/739/1118 492/730/1121 490/729/1119
f 486/740/1122 487/741/1107 493/742/1123
f 486/740/1122 493/742/1123 492/730/1124
f 487/741/1125 488/743/1126 494/744/1127
f 487/741/1125 494/744/1127 493/742/1128
f 488/743/1126 489/745/1114 495/746/1129
f 488/743/1126 495/746/1129 494/744/1130
f 495/746/1129 489/745/1116 471/747/1069
f 491/748/1131 490/749/1119 496/739/1132
f 491/748/1131 496/739/1132 497/738/1133
f 490/749/1119 492/750/1134 498/740/1135
f 490/749/1119 498/740/1135 496/739/1132
f 492/750/1136 493/751/1128 499/752/1137
f 492/750/1136 499/752/1137 498/740/1138
f 493/751/1139 494/753/1127 500/754/1140
f 493/751/1139 500/754/1141 499/752/1142
f 494/753/1143 495/755/1129 500/754/1144
f 497/756/1145 496/757/1146 501/749/1147
f 497/756/1145 501/749/1147 502/748/1148
f 496/757/1146 498/758/1149 503/750/1150
f 496/757/1146 503/750/1151 501/749/1147
f 498/758/1152 499/759/1153 504/760/1154
f 498/758/1152 504/760/1154 503/750/1151
f 499/759/1142 500/761/1140 505/762/1155
f 499/759/1142 505/762/1156 504/760/1157
f 506/605/1158 507/604/1159 394/763/1160
f 506/605/1158 394/763/1160 393/764/1161
f 507/604/1162 508/765/1163 397/766/905
f 507/604/1164 397/766/1165 394/763/1166
f 508/765/1167 509/767/1168 399/768/1169
f 508/765/1167 399/768/1169 397/766/1170
f 509/767/1171 401/769/1172 399/768/908
f 502/770/1173 501/771/1147 510/757/1174
f 502/770/1173 510/757/1174 511/756/1175
f 501/771/1147 503/772/1150 512/773/1176
f 501/771/1147 512/773/1176 510/757/1177
f 503/772/1151 504/774/1154 513/775/1178
f 503/772/1151 513/775/1178 512/773/1176
f 504/774/1157 505/776/1156 513/775/1179
f 445/777/1180 444/778/1013 514/674/1181
f 445/777/1180 514/674/1181 515/673/1182
f 444/778/1013 446/779/1016 516/780/1183
f 444/778/1013 516/780/1183 514/674/1184
f 446/779/1017 447/781/1020 517/782/1185
f 446/779/1017 517/782/1185 516/780/1183
f 447/781/1022 448/783/1021 517/782/1186
f 518/683/1187 519/682/1188 450/784/1189
f 518/683/1187 450/784/1189 449/785/1190
f 519/682/1191 520/786/1192 453/787/1028
f 519/682/1193 453/787/1194 450/784/1195
f 520/786/1196 521/788/1197 455/789/1198
f 520/786/1196 455/789/1198 453/787/1199
f 457/790/1200 455/789/1031 521/788/1201
f 448/679/1202 443/678/1009 438/791/1203
f 458/689/1050 457/688/1204 464/792/1051
f 402/611/925 401/610/911 408/793/926
f 505/762/1205 500/761/1144 495/794/1129
f 414/628/1206 408/627/926 522/795/1207
f 420/637/1208 414/636/1206 522/796/1209
f 426/646/969 420/645/1210 522/797/1209
f 432/655/1211 426/654/969 522/798/1209
f 438/664/997 432/663/1212 522/799/1207
f 523/800/1213 524/801/1213 525/802/1214
f 523/800/1213 525/803/1214 526/804/1213
f 526/804/1213 525/805/1214 527/806/1213
f 527/806/1213 525/807/1214 528/808/1213
f 528/808/1213 525/809/1214 529/810/1213
f 529/810/1213 525/811/1215 530/812/1216
f 530/812/1217 525/811/1214 531/813/1218
f 531/813/1219 525/814/1214 532/815/1220
f 532/815/1221 525/816/1214 533/817/1213
f 533/817/1213 525/818/1214 534/819/1213
f 534/819/1213 525/820/1214 535/821/1213
f 535/821/1213 525/822/1214 536/823/1213
f 537/823/1222 538/822/1223 539/821/1222
f 539/821/1222 538/820/1223 540/819/1222
f 540/819/1222 538/818/1223 541/817/1222
f 541/817/1222 538/816/1223 542/815/1224
f 542/815/1225 538/814/1223 543/813/1226
f 543/813/1226 538/811/1223 544/812/1227
f 544/812/1228 538/811/1229 545/810/1222
f 545/810/1222 538/809/1223 546/808/1222
f 546/808/1222 538/807/1223 547/806/1222
f 547/806/1222 538/805/1223 548/804/1222
f 548/804/1222 538/803/1223 549/800/1222
f 549/800/1222 538/802/1223 550/801/1222
